Identifier,Response,Web Search Sources,Time Taken,Input Tokens,Reasoning Tokens,Output Tokens,Reasoning Effort,Error Log,Response IDs,Successful
vote|final1|14|0,"[""{\n    \""square entries describe more administrative and governance failures (turnover, mismanagement, favoritism, policy experiments, scheduling/operational errors, unresponsiveness) than circle entries\"": \""This bucket isolates governance-level problems (leadership turnover, corruption/nepotism, district policy mistakes and office unresponsiveness) — distinct from building-level resource shortfalls or classroom staff variability because it names failures in formal decision‑making, personnel placement and district processes rather than teacher performance or facility condition.\"",\n    \""square entries report more facility, capacity, sanitation, and resource/funding shortfalls and operational constraints (overcrowding, dilapidated buildings, unsanitary cafeterias/bathrooms, lack of books/computers, traffic/entry congestion) than circle entries\"": \""This bucket groups concrete physical-plant and day‑to‑day operational resource deficits (sanitation, decay, overcrowded spaces, missing learning materials) and is kept separate from transportation/funding‑priority disputes or governance choices because it focuses on existing infrastructure and immediate operational scarcity.\"",\n    \""square entries report more facility, capacity, transportation, and resource‑prioritization problems (overcrowding, poor layout, cafeteria/bathroom failures, and athletic funding skew) than circle entries\"": \""Although it overlaps on capacity with the previous bucket, this candidate is reserved for problems tied to campus design, logistics and explicit prioritization decisions (bus shortages, unsafe travel, and money visibly directed to athletics over academics), distinguishing policy/allocative choices and transport/layout failures from pure facility decay or supply shortages.\"",\n    \""square entries show greater variability and polarization in teacher/staff performance, morale, and student support — including both high‑contact committed teachers and widespread apathy, counselor failures, special‑education mismanagement, turnover, and low morale — compared with circle entries\"": \""This bucket captures workforce-system issues across roles (teacher morale and turnover, counselors and special‑ed case management, inconsistent staff commitment) as systemic personnel and support-capacity variability, separating workforce/bureaucratic support capacity from discrete instances of abusive instruction or discriminatory conduct.\"",\n    \""square entries show greater variability and extremes in teacher/instructional quality and student support (from highly committed/inspirational teachers to abusive, neglectful, or discriminatory staff) than circle entries\"": \""This bucket is reserved for the instructional-quality polarity and extreme staff behavior (excellent pedagogy at times versus abusive/biased or neglectful teachers) and is distinguished from the broader staff‑system bucket above because it centers on classroom-level teaching practice and direct abusive/discriminatory interactions rather than morale, turnover or administrative case‑management failures.\""\n}""]",,15.993837833404541,20386,448,1017,,[],['resp_0ea5582fb6c0a041006a74d7fa74f481a18de055668f58c453'],True
vote|final1|17|0,"[""{\n    \""square entries report more facility, capacity, transportation, and resource‑prioritization problems (overcrowding, poor layout, cafeteria/bathroom failures, and athletic funding skew) than circle entries\"": \""This bucket groups raw items about space, travel, campus layout, parking/transport time, and explicit resource-allocation choices (e.g., paying for buses, athletic funding bias) and is distinct from other buckets because it centers on physical scale/transport and funding priorities rather than building condition, instructional staff behavior, or governance processes.\"",\n    \""square entries report more facility, capacity, sanitation, and resource/funding shortfalls and operational constraints (overcrowding, dilapidated buildings, unsanitary cafeterias/bathrooms, lack of books/computers, traffic/entry congestion) than circle entries\"": \""This bucket captures concrete infrastructure, cleanliness, equipment and operational-service failures (dilapidated buildings, pest infestation, missing textbooks/tech, cafeteria/bathroom problems and entry/traffic chokepoints) and is kept separate from the previous bucket because it emphasizes physical condition, sanitation and missing instructional resources rather than transportation logistics or strategic funding tradeoffs.\"",\n    \""square entries describe more administrative and governance failures (turnover, mismanagement, favoritism, policy experiments, scheduling/operational errors, unresponsiveness) than circle entries\"": \""This bucket groups explicit governance- and policy-level dysfunctions from the reviews—leadership turnover, opaque decision-making, favoritism/nepotism, harmful policy changes, and chronic unresponsiveness—and is mutually exclusive from the facility and staff-quality buckets because it refers to leadership and system governance as the locus of problems rather than buildings, programs, or classroom practice.\"",\n    \""square entries show greater variability and polarization in teacher/staff performance, morale, and student support — including both high‑contact committed teachers and widespread apathy, counselor failures, special‑education mismanagement, turnover, and low morale — compared with circle entries\"": \""This bucket collects reports about mixed staff morale and uneven support services (committed/high‑contact teachers coexisting with apathetic staff, counselor failures, special‑education mismanagement and staff turnover) and differs from the purely instructional-quality bucket by emphasizing workforce morale and the variability of support roles (counselors, aides, special-ed staff) rather than the specifics of classroom instruction or abusive conduct.\"",\n    \""square entries show greater variability and extremes in teacher/instructional quality and student support (from highly committed/inspirational teachers to abusive, neglectful, or discriminatory staff) than circle entries\"": \""This bucket groups accounts of extreme instructional outcomes and teacher conduct—exemplary teachers alongside reports of teacher bullying, discriminatory grading, teaching-to-the-test or neglectful instruction—and is distinct from the prior staff-morale/support bucket because it specifically targets pedagogical quality and abusive/disciplinary behaviors within classrooms rather than broader morale, counselor/special-ed support, or administrative governance.\""\n}""]",,17.896242141723633,20219,576,1178,,[],['resp_0fceeff490587c3a006a74d7fa7d38819faa37346257e670eb'],True
vote|final1|8|0,"[""{\n    \""square entries report more facility, capacity, transportation, and resource‑prioritization problems (overcrowding, poor layout, cafeteria/bathroom failures, and athletic funding skew) than circle entries\"": \""This bucket captures square reviews' concrete complaints about site access, traffic/bussing, and choices about spending priorities (e.g., athletic vs. academic resources), which is distinct from pure building-condition or sanitation shortfalls (covered by the other facility‑focused bucket) and does not overlap with staff performance or governance issues.\"",\n    \""square entries show greater variability and polarization in teacher/staff performance, morale, and student support — including both high‑contact committed teachers and widespread apathy, counselor failures, special‑education mismanagement, turnover, and low morale — compared with circle entries\"": \""This bucket groups square comments about systemic staff morale, turnover, and uneven institutional support structures (counseling, SPED implementation, para coverage), separating the organizational/staffing dynamics from individual instances of abusive or discriminatory teacher behavior (covered by the instructional‑quality/abuse bucket) and from administrative/governance failures.\"",\n    \""square entries show greater variability and extremes in teacher/instructional quality and student support (from highly committed/inspirational teachers to abusive, neglectful, or discriminatory staff) than circle entries\"": \""This bucket isolates square reports that specifically describe extreme individual teacher behaviors and instructional outcomes—exemplary teachers versus actively abusive, discriminatory, or neglectful instructors—distinct from broader staffing morale/turnover patterns or formal governance failures.\"",\n    \""square entries report more facility, capacity, sanitation, and resource/funding shortfalls and operational constraints (overcrowding, dilapidated buildings, unsanitary cafeterias/bathrooms, lack of books/computers, traffic/entry congestion) than circle entries\"": \""This bucket groups the substantive, physical-condition and resource‑shortage evidence in square reviews (broken bathrooms, no textbooks/computers, overcrowded rooms) and is kept separate from the transportation/prioritization bucket and from governance or staffing topics.\"",\n    \""square entries describe more administrative and governance failures (turnover, mismanagement, favoritism, policy experiments, scheduling/operational errors, unresponsiveness) than circle entries\"": \""This bucket covers square reviewers' claims about leadership dysfunction, favoritism, policy missteps, and lack of accountability—organizational decision‑making and responsiveness issues that are conceptually distinct from frontline staff behavior, classroom instructional quality, or physical/facilities problems.\""\n}""]",,18.209619998931885,19749,704,1239,,[],['resp_0621234089311b55006a74d7fa6cf0819eac1381575baaf0d4'],True
vote|final1|7|0,"[""{\n    \""square entries report more facility, capacity, transportation, and resource‑prioritization problems (overcrowding, poor layout, cafeteria/bathroom failures, and athletic funding skew) than circle entries\"": \""This bucket isolates reviewer claims about how resources are allocated and how operational design/transportation choices (e.g., funding skew toward athletics, access/entry patterns, campus layout) create problems — a distinct topic about prioritization and logistics that does not duplicate facility-condition, instructional, or governance failures in the other buckets.\"",\n    \""square entries report more facility, capacity, sanitation, and resource/funding shortfalls and operational constraints (overcrowding, dilapidated buildings, unsanitary cafeterias/bathrooms, lack of books/computers, traffic/entry congestion) than circle entries\"": \""This bucket groups concrete evidence of physical decline and material shortages (broken A/C, bedbugs, outdated texts, missing computers, short lunch times) and operational capacity limits, which is focused on infrastructure and supply deficits rather than the administrative prioritization or policy choices captured in the first bucket.\"",\n    \""square entries show greater variability and polarization in teacher/staff performance, morale, and student support — including both high‑contact committed teachers and widespread apathy, counselor failures, special‑education mismanagement, turnover, and low morale — compared with circle entries\"": \""This bucket captures systemic heterogeneity across personnel and support services (mixed retention, some highly engaged teachers alongside counselor shortages, special‑needs gaps, and burnout) — emphasizing staff morale/coverage and support-system reliability, not the narrow classroom abuse or instructional extremes covered by the fourth bucket nor the governance causes in the fifth.\"",\n    \""square entries show greater variability and extremes in teacher/instructional quality and student support (from highly committed/inspirational teachers to abusive, neglectful, or discriminatory staff) than circle entries\"": \""This bucket groups reviewer reports of extreme instructional outcomes and staff behavior (inspirational teachers versus abusive/disciplinary bias, discriminatory treatment, corporal‑punishment‑like practices) — focused specifically on the quality and ethical conduct of instruction and direct student-facing harms, distinct from broader morale/coverage polarization or administrative mismanagement.\"",\n    \""square entries describe more administrative and governance failures (turnover, mismanagement, favoritism, policy experiments, scheduling/operational errors, unresponsiveness) than circle entries\"": \""This bucket groups leadership and governance-level problems (cron yism, unresponsive counselors/principals, politicized discipline, scheduling errors, bad policy changes) that explain or drive many operational and staffing outcomes but remain conceptually distinct from on-the-ground facility conditions, classroom instructional extremes, or general staff morale variability.\""\n}""]",,19.024593830108643,20174,704,1292,,[],['resp_0e23703f192c1c3d006a74d7fa7ae88191af6ae47cbe98fb1d'],True
vote|final1|6|0,"[""{\n    \""square entries show greater variability and polarization in teacher/staff performance, morale, and student support — including both high‑contact committed teachers and widespread apathy, counselor failures, special‑education mismanagement, turnover, and low morale — compared with circle entries\"": \""This bucket groups reviews about workforce stability, staff morale, and uneven support services (counselors, special‑ed casework) — a systemic personnel/engagement pattern distinct from (a) classroom instructional abuse or discrimination (bucket 2), (b) governance/board failures (bucket 4), and (c) building/transportation or basic resource shortages (buckets 3 and 5).\"",\n    \""square entries show greater variability and extremes in teacher/instructional quality and student support (from highly committed/inspirational teachers to abusive, neglectful, or discriminatory staff) than circle entries\"": \""This bucket captures classroom‑level instructional extremes and concrete abusive or discriminatory staff behaviors (e.g., mockery, racial profiling, grade‑rigging) and is purposely separated from broad staff morale/turnover issues (bucket 1), governance failures (bucket 4), and facility/resource problems (buckets 3 and 5).\"",\n    \""square entries report more facility, capacity, transportation, and resource‑prioritization problems (overcrowding, poor layout, cafeteria/bathroom failures, and athletic funding skew) than circle entries\"": \""This bucket groups logistical and prioritization problems — how space, traffic/arrival, and budget tradeoffs (e.g., athletics vs academics) are organized — which is operational and planning focused and therefore distinct from sanitation/basic supply shortfalls (bucket 5), classroom or staff conduct issues (buckets 1 and 2), and governance/board misconduct (bucket 4).\"",\n    \""square entries describe more administrative and governance failures (turnover, mismanagement, favoritism, policy experiments, scheduling/operational errors, unresponsiveness) than circle entries\"": \""This bucket collects leadership, board, and policy‑level dysfunction (nepotism, indictments, non‑transparent decisions, scheduling/billing errors) that drive schoolwide outcomes and is kept separate from frontline teacher variability (buckets 1 and 2) and facility/logistics or sanitation/resource deficits (buckets 3 and 5).\"",\n    \""square entries report more facility, capacity, sanitation, and resource/funding shortfalls and operational constraints (overcrowding, dilapidated buildings, unsanitary cafeterias/bathrooms, lack of books/computers, traffic/entry congestion) than circle entries\"": \""This bucket targets tangible material and sanitary shortages and dilapidation (infestations, rotten lunches, missing textbooks, broken HVAC) and is intentionally distinguished from prioritization/transportation tradeoffs (bucket 3), governance failures (bucket 4), and personnel/teaching variability or misconduct (buckets 1 and 2).\""\n}""]",,20.885438919067383,20256,768,1431,,[],['resp_0915c96cbc38732f006a74d7fa88ac81a0b6f86cbb7a106af4'],True
vote|final1|10|0,"[""{\n    \""square entries show greater variability and extremes in teacher/instructional quality and student support (from highly committed/inspirational teachers to abusive, neglectful, or discriminatory staff) than circle entries\"": \""Captures classroom‑level instructional and student‑support extremes (excellent teachers vs. teachers who verbally abuse, neglect, or discriminate) — distinct from the other buckets because it focuses on direct teacher–student instructional practice and immediate support/abuse incidents rather than staff morale, administration decisions, or physical facilities.\"",\n    \""square entries report more facility, capacity, sanitation, and resource/funding shortfalls and operational constraints (overcrowding, dilapidated buildings, unsanitary cafeterias/bathrooms, lack of books/computers, traffic/entry congestion) than circle entries\"": \""Groups concrete building‑condition and resource‑shortage issues (dilapidation, sanitation, overcrowding, missing supplies) — separate from the similar but allocation/transportation focus in another bucket and from governance or teacher behavior because it describes the material campus state and capacity constraints.\"",\n    \""square entries report more facility, capacity, transportation, and resource‑prioritization problems (overcrowding, poor layout, cafeteria/bathroom failures, and athletic funding skew) than circle entries\"": \""Captures operational/layout/transportation and explicit prioritization choices (poor campus flow, bussing, and funds diverted to athletics) — distinct from pure facility decay (bucket 2) because it centers on logistics and how resources are allocated rather than on physical wear or sanitation alone.\"",\n    \""square entries show greater variability and polarization in teacher/staff performance, morale, and student support — including both high‑contact committed teachers and widespread apathy, counselor failures, special‑education mismanagement, turnover, and low morale — compared with circle entries\"": \""Focuses on workforce-level patterns (polarized morale, counselor/special‑education service gaps, turnover and systemic staff dysfunction) — different from the first bucket because it emphasizes staff morale, role‑divergence, and systemic personnel management rather than classroom instructional extremes or individual abusive incidents.\"",\n    \""square entries describe more administrative and governance failures (turnover, mismanagement, favoritism, policy experiments, scheduling/operational errors, unresponsiveness) than circle entries\"": \""Captures leadership and governance dysfunction (board/district/principal decisions, favoritism, cover‑ups, policy rollouts and nonresponse) — separate from teacher/staff performance and facility problems because it refers to decision‑making, accountability, and policy/discipline governance at the administrative level.\""\n}""]",,21.059056043624878,20255,832,1383,,[],['resp_09e2f0081464ae0e006a74d7fa7a3881a2817d24492fe07a4b'],True
vote|final1|2|0,"[""{\n    \""square entries report more facility, capacity, sanitation, and resource/funding shortfalls and operational constraints (overcrowding, dilapidated buildings, unsanitary cafeterias/bathrooms, lack of books/computers, traffic/entry congestion) than circle entries\"": \""Captures concrete physical and day‑to‑day operational deficits (building condition, overcrowded rooms, sanitation, lunch/locker logistics and campus access) that affect students’ daily experience — distinct from allocation decisions or transport/prioritization issues covered by the second bucket.\"",\n    \""square entries report more facility, capacity, transportation, and resource‑prioritization problems (overcrowding, poor layout, cafeteria/bathroom failures, and athletic funding skew) than circle entries\"": \""Focuses on transportation/logistics and explicit choices about how limited resources are allocated (e.g., athletic funding skew, blocked parking/traffic, poor campus layout) rather than the pure infrastructure decay or sanitation problems named in the first bucket.\"",\n    \""square entries show greater variability and extremes in teacher/instructional quality and student support (from highly committed/inspirational teachers to abusive, neglectful, or discriminatory staff) than circle entries\"": \""Isolates classroom‑level instructional and interpersonal extremes — directly about the quality of teaching and teacher behavior (including inspirational teachers and outright abusive or discriminatory acts) — which is different from systemwide staff morale or support‑service failures in bucket four.\"",\n    \""square entries show greater variability and polarization in teacher/staff performance, morale, and student support — including both high‑contact committed teachers and widespread apathy, counselor failures, special‑education mismanagement, turnover, and low morale — compared with circle entries\"": \""Targets systemic personnel patterns and support‑service breakdowns (counseling, special‑education mismanagement, turnover, broad morale problems and inconsistent staffing) rather than individual classroom instructional excellence or abuse highlighted in bucket three.\"",\n    \""square entries describe more administrative and governance failures (turnover, mismanagement, favoritism, policy experiments, scheduling/operational errors, unresponsiveness) than circle entries\"": \""Names leadership and governance problems — board/principal instability, nepotism/favoritism, policy rollouts, scheduling and administrative responsiveness — which operate at a different level (institutional decision‑making) than both physical resources (buckets 1–2) and staff performance/morale (buckets 3–4).\""\n}""]",,22.091740131378174,20035,1024,1538,,[],['resp_0a17d42553178579006a74d7fa845481a290967512331f8566'],True
vote|final1|5|0,"[""{\n    \""square entries report more facility, capacity, sanitation, and resource/funding shortfalls and operational constraints (overcrowding, dilapidated buildings, unsanitary cafeterias/bathrooms, lack of books/computers, traffic/entry congestion) than circle entries\"": \""Groups all raw items describing physical building condition, space/capacity limits, sanitation and material shortages (e.g., crowded hallways, filthy bathrooms, lack of labs/textbooks), and is distinct from bucket 2 because it focuses on facility condition and space constraints rather than transportation policies or how resources are prioritized, and distinct from administrative or staff-quality buckets which address people/policy rather than physical infrastructure.\"",\n    \""square entries report more facility, capacity, transportation, and resource‑prioritization problems (overcrowding, poor layout, cafeteria/bathroom failures, and athletic funding skew) than circle entries\"": \""Captures reviews that emphasize operational logistics and allocation choices—after‑school buses, bell/schedule/traffic layouts, and visible funding choices (e.g., spending on athletics/amenities instead of textbooks)—and is mutually exclusive from bucket 1 (facility condition) because it highlights transport/layout and prioritization decisions rather than physical dilapidation, and from governance/teacher buckets which focus on people and policies.\"",\n    \""square entries describe more administrative and governance failures (turnover, mismanagement, favoritism, policy experiments, scheduling/operational errors, unresponsiveness) than circle entries\"": \""Groups complaints about leadership and governance practices—turnover, favoritism, retaliatory responses, failure to enforce rules, scheduling/registration breakdowns—and is separate from the staff-performance buckets (4 and 5) because it concerns district/principal/office-level decisions and processes rather than individual classroom instruction or counselor/special‑ed support.\"",\n    \""square entries show greater variability and polarization in teacher/staff performance, morale, and student support — including both high‑contact committed teachers and widespread apathy, counselor failures, special‑education mismanagement, turnover, and low morale — compared with circle entries\"": \""Covers patterns about staff systems and support functions (counseling, special‑education IEP/504 handling, staff morale, availability and high‑contact mentors) and is distinct from bucket 5 because it emphasizes systemic variability across support roles and morale/coordination issues rather than the character and quality of classroom instruction or abusive conduct.\"",\n    \""square entries show greater variability and extremes in teacher/instructional quality and student support (from highly committed/inspirational teachers to abusive, neglectful, or discriminatory staff) than circle entries\"": \""Groups raw terms that describe the extreme spread in in‑class instructional behavior and direct student treatment (inspirational AP teachers vs. humiliating, discriminatory, or neglectful classroom behavior), and is mutually exclusive from bucket 4 because it targets individual instructional practice and abusive/ discriminatory actions in classrooms rather than counselor/special‑ed processes or staff morale/coordination.\""\n}""]",,22.51473307609558,19987,832,1451,,[],['resp_07904d468911a13e006a74d7fa7ee4819e93e5ae5793e619bb'],True
vote|final1|12|0,"[""{\n    \""square entries report more facility, capacity, transportation, and resource‑prioritization problems (overcrowding, poor layout, cafeteria/bathroom failures, and athletic funding skew) than circle entries\"": \""Captures reviews that single out space/flow/transportation and explicit allocation choices (bus shortages, trailer classrooms, traffic/crosswalk danger, and criticisms that money is spent on stadiums/athletics) — distinct from other buckets because it centers on enrollment/transport/capacity and visible prioritization decisions rather than building sanitation, supplies, staffing morale, or governance problems.\"",\n    \""square entries show greater variability and extremes in teacher/instructional quality and student support (from highly committed/inspirational teachers to abusive, neglectful, or discriminatory staff) than circle entries\"": \""Targets comments about instructional practice and interpersonal conduct—reviews that contrast exceptional, dedicated teachers with instances of neglect, teacher abuse, discrimination, or refusal to teach—separate from the broader staff‑morale/turnover and counselor/special‑education management issues captured in the 'polarization in teacher/staff performance' bucket.\"",\n    \""square entries show greater variability and polarization in teacher/staff performance, morale, and student support — including both high‑contact committed teachers and widespread apathy, counselor failures, special‑education mismanagement, turnover, and low morale — compared with circle entries\"": \""Groups systemic personnel and workforce issues (high turnover, burnout, counselor unresponsiveness, special‑education testing/accommodation failures, uneven staffing across programs) that affect operations and continuity — distinct from the prior bucket because it emphasizes institutional morale, staffing stability, and programmatic support failures rather than individual classroom instructional abuse or excellence.\"",\n    \""square entries describe more administrative and governance failures (turnover, mismanagement, favoritism, policy experiments, scheduling/operational errors, unresponsiveness) than circle entries\"": \""Collects governance and operational leadership failures—board/superintendent nepotism, secretive meetings, favoritism, mis-scheduled classes, lost grades, punitive or uneven policy enforcement, and unresponsive admin—which are organizational/governance issues separate from facility/capacity constraints, classroom instructional behavior, or staff morale details.\"",\n    \""square entries report more facility, capacity, sanitation, and resource/funding shortfalls and operational constraints (overcrowding, dilapidated buildings, unsanitary cafeterias/bathrooms, lack of books/computers, traffic/entry congestion) than circle entries\"": \""Focuses on physical‑plant deterioration, sanitation, basic instructional resources and funding shortfalls (moldy/bug‑infested food, cockroaches, broken HVAC, outdated computers, no books) — distinguished from the first facility bucket by its emphasis on maintenance, sanitation and material/resource scarcity rather than transportation/space‑allocation or funding‑priority disputes.\""\n}""]",,22.957680702209473,19803,960,1550,,[],['resp_0227e6457e1d3619006a74d7fa74b48192aa5758ead0852277'],True
vote|final1|23|0,"[""{\n    \""square entries report more facility, capacity, transportation, and resource‑prioritization problems (overcrowding, poor layout, cafeteria/bathroom failures, and athletic funding skew) than circle entries\"": \""Groups reviews describing physical capacity/flow and prioritization decisions (e.g., overcrowded commons, mall‑style congestion, bus failures, and money spent on stadiums vs classrooms); this is kept distinct from sanitation/funding shortfalls (bucket 5) because it centers on space, transportation, and strategic resource prioritization (who/what gets funded) rather than general facility decay or supply deficits.\"",\n    \""square entries show greater variability and polarization in teacher/staff performance, morale, and student support — including both high‑contact committed teachers and widespread apathy, counselor failures, special‑education mismanagement, turnover, and low morale — compared with circle entries\"": \""Captures systemic personnel dynamics (uneven morale, retention/turnover, counselor/IEP process breakdowns and mixed reports of supportive staff) rather than individual classroom abuse or instructional extremes; it is mutually exclusive from bucket 4 because bucket 2 emphasizes workforce stability, role‑level support systems, and special‑education management while bucket 4 focuses on the quality and conduct of instruction itself.\"",\n    \""square entries describe more administrative and governance failures (turnover, mismanagement, favoritism, policy experiments, scheduling/operational errors, unresponsiveness) than circle entries\"": \""Groups school‑level leadership and governance problems (authoritarian principals, opaque discipline decisions, policy experiments like removing planning periods, refusal to respond to parents) that are organizational and decision‑making in nature, distinct from staff morale (bucket 2), teacher conduct (bucket 4), and physical/resource issues (buckets 1 and 5).\"",\n    \""square entries show greater variability and extremes in teacher/instructional quality and student support (from highly committed/inspirational teachers to abusive, neglectful, or discriminatory staff) than circle entries\"": \""Targets direct classroom/instructional behaviors and extremes (teachers who go above‑and‑beyond versus teachers who are abusive, discriminatory, refuse to grade or return work), which differs from bucket 2’s focus on overall staff morale and systemic personnel management rather than individual teacher conduct and pedagogical quality.\"",\n    \""square entries report more facility, capacity, sanitation, and resource/funding shortfalls and operational constraints (overcrowding, dilapidated buildings, unsanitary cafeterias/bathrooms, lack of books/computers, traffic/entry congestion) than circle entries\"": \""Groups concrete, material shortages and building‑condition problems (dirty bathrooms, pest infestations, lack of books/after‑school buses, outdated facilities) that impair daily operations; this is kept separate from bucket 1 because bucket 5 emphasizes sanitation, dilapidation and supply deficits, whereas bucket 1 emphasizes capacity, transportation, and explicit prioritization choices (e.g., athletic funding) rather than general decay.\""\n}""]",,23.40633511543274,19791,960,1580,,[],['resp_0d7bb8cf6681a234006a74d7fae11c81a19154267cb6344718'],True
vote|final1|21|0,"[""{\n    \""square entries report more facility, capacity, sanitation, and resource/funding shortfalls and operational constraints (overcrowding, dilapidated buildings, unsanitary cafeterias/bathrooms, lack of books/computers, traffic/entry congestion) than circle entries\"": \""This bucket groups raw terms that document concrete physical-site and operational deficits (e.g., '51 health violations', roaches/rodents, outdated textbooks, overcrowded/unruly classrooms, delayed yearbooks and locker/infrastructure problems), and is distinct from other buckets because it targets on‑the‑ground facility/health/space/resource conditions rather than funding choices, transportation logistics, staff behavior, or governance decisions addressed by the other buckets.\"",\n    \""square entries report more facility, capacity, transportation, and resource‑prioritization problems (overcrowding, poor layout, cafeteria/bathroom failures, and athletic funding skew) than circle entries\"": \""This bucket captures instances where reviewers describe how resources are allocated and transported (e.g., buses bringing disruptive out‑of‑district students, community complaints that 'money went to football stadiums not supplies', athletic funding skew), and is mutually exclusive because it emphasises prioritization and transport/logistics decisions rather than the raw physical sanitation/health faults (bucket 1), staff performance/morale (buckets 3 and 5), or governance/process failures (bucket 4).\"",\n    \""square entries show greater variability and polarization in teacher/staff performance, morale, and student support — including both high‑contact committed teachers and widespread apathy, counselor failures, special‑education mismanagement, turnover, and low morale — compared with circle entries\"": \""This bucket groups reviews that describe systemic personnel variability and organizational support issues (e.g., ‘special ed only good if you get certain teachers’, frequent substitutes, counselor rudeness, high turnover, inconsistent IEP follow‑through), and is distinct from bucket 5 because it emphasizes broad staff morale, consistency, counseling/special‑education systems and turnover rather than extreme individual instructional abuse or discriminatory misconduct.\"",\n    \""square entries describe more administrative and governance failures (turnover, mismanagement, favoritism, policy experiments, scheduling/operational errors, unresponsiveness) than circle entries\"": \""This bucket covers leadership and governance problems described as structural (e.g., 'administration is horrible', favoritism in athletics, broken handbook enforcement, impossible-to-reach superintendents, policy changes like the 6pm evening program), and is exclusive because it focuses on decision‑making, policy and organizational governance rather than on facility conditions (buckets 1–2) or on frontline instructional/counseling staff variability and abuse (buckets 3 and 5).\"",\n    \""square entries show greater variability and extremes in teacher/instructional quality and student support (from highly committed/inspirational teachers to abusive, neglectful, or discriminatory staff) than circle entries\"": \""This bucket isolates raw terms that report extreme classroom-level instructional and ethical behaviors (e.g., teachers bullying students, sexual misconduct, racially discriminatory discipline, staff who tell a child 'you are worthless' versus inspirational PhD teachers), and is kept separate from bucket 3 because it focuses specifically on the extreme, abusive, or discriminatory end of staff behavior and instructional practice rather than overall staff morale, counseling systems, or turnover patterns.\""\n}""]",,23.504169940948486,20120,960,1661,,[],['resp_0f02b91102b46c2c006a74d7fa7d58819d816e807a322e37a7'],True
vote|final1|20|0,"[""{\n    \""square entries report more facility, capacity, sanitation, and resource/funding shortfalls and operational constraints (overcrowding, dilapidated buildings, unsanitary cafeterias/bathrooms, lack of books/computers, traffic/entry congestion) than circle entries\"": \""Groups together concrete, on‑the‑ground infrastructure and supply failures (leaking roofs, no AC/water, filthy bathrooms, lack of textbooks/devices, overcrowded rooms) — a distinct theme about physical condition and basic operational capacity that is different from allocation choices (#4), governance behaviors (#3), classroom instruction/abusive staff (#2), or personnel/ support‑system polarization (#5).\"",\n    \""square entries show greater variability and extremes in teacher/instructional quality and student support (from highly committed/inspirational teachers to abusive, neglectful, or discriminatory staff) than circle entries\"": \""This bucket isolates direct classroom practice and individual educator behavior (excellent instructors versus teachers who yell, are sexist, politicize class, or emotionally abuse students), focusing on instructional conduct and immediate student support—distinct from systemic morale/HR polarization and counselor/special‑ed systems captured by #5 and from administrative/governance failures in #3 or physical facility issues in #1 and #4.\"",\n    \""square entries describe more administrative and governance failures (turnover, mismanagement, favoritism, policy experiments, scheduling/operational errors, unresponsiveness) than circle entries\"": \""Captures leadership and policy‑level dysfunction (frequent principals, favoritism/nepotism, lost credits, punitive discipline philosophies, lack of follow‑through) — a governance/decision‑making theme that is organizationally above classroom practice (#2/#5) and separate from facility shortfalls (#1/#4) or allocation choices (#4).\"",\n    \""square entries report more facility, capacity, transportation, and resource‑prioritization problems (overcrowding, poor layout, cafeteria/bathroom failures, and athletic funding skew) than circle entries\"": \""Focuses specifically on how scarce resources are organized and prioritized (transportation failures, poor campus layout, classes taught in hallways, and explicit funding skew toward athletics over academics/arts) — emphasizing allocation and logistics rather than pure physical decay (#1), classroom conduct (#2), governance failures (#3), or personnel/support polarization (#5).\"",\n    \""square entries show greater variability and polarization in teacher/staff performance, morale, and student support — including both high‑contact committed teachers and widespread apathy, counselor failures, special‑education mismanagement, turnover, and low morale — compared with circle entries\"": \""Groups systemic HR and support‑service dysfunction (overworked/absent counselors, special‑education denial, union‑sheltered underperformers, morale/turnover patterns and uneven support) into one personnel‑system polarization theme that is about structural staff roles and support networks, distinct from individual classroom abuse/instructional quality (#2), facility/operational constraints (#1/#4), and governance/leadership failures (#3).\""\n}""]",,23.72442603111267,19949,960,1613,,[],['resp_0d18b5dba1797109006a74d7fa9390819f8d50420c949dc938'],True
vote|final1|4|0,"[""{\n    \""square entries report more facility, capacity, transportation, and resource‑prioritization problems (overcrowding, poor layout, cafeteria/bathroom failures, and athletic funding skew) than circle entries\"": \""This bucket groups logistic and prioritization complaints (long bus commutes, hallway congestion, parking scarcity, and allegations that funds favor athletics) and is distinct from other buckets because it focuses on capacity/transportation and explicit resource-allocation choices rather than sanitation, governance, or instructional/staff behavior.\"",\n    \""square entries describe more administrative and governance failures (turnover, mismanagement, favoritism, policy experiments, scheduling/operational errors, unresponsiveness) than circle entries\"": \""This bucket captures leadership and policy-level breakdowns (hiring/firing choices, unfair enforcement, missed scheduling/credit errors, secretive/slow communication) and is mutually exclusive because it centers on governance decisions and administrative processes rather than physical plant problems or classroom-level teaching/support variation.\"",\n    \""square entries show greater variability and polarization in teacher/staff performance, morale, and student support — including both high‑contact committed teachers and widespread apathy, counselor failures, special‑education mismanagement, turnover, and low morale — compared with circle entries\"": \""This bucket groups systemic staff‑support and morale patterns (mass turnover, counselor no‑shows, uneven special‑education administration, and pockets of highly committed staff) and differs from the closely related instructional-extremes bucket by emphasizing workforce morale, support structures, and operational staff reliability rather than classroom instructional quality or abusive conduct.\"",\n    \""square entries show greater variability and extremes in teacher/instructional quality and student support (from highly committed/inspirational teachers to abusive, neglectful, or discriminatory staff) than circle entries\"": \""This bucket groups extremes in pedagogy and interpersonal conduct (teachers described as inspirational versus those accused of abuse, discrimination, ignorance of subject matter, or victim-blaming) and is distinct from the morale/support bucket because it focuses specifically on instructional competence and harmful or exemplary teacher behavior toward students.\"",\n    \""square entries report more facility, capacity, sanitation, and resource/funding shortfalls and operational constraints (overcrowding, dilapidated buildings, unsanitary cafeterias/bathrooms, lack of books/computers, traffic/entry congestion) than circle entries\"": \""This bucket clusters tangible material shortfalls and maintenance/cleanliness failures (rotting ceilings, pests, missing soap, insufficient books/tech) and is kept separate from the first facility/transportation bucket by concentrating on sanitation, maintenance, and material/resource scarcity rather than transit, layout, or alleged funding-priority decisions.\""\n}""]",,23.81254506111145,19753,896,1455,,[],['resp_05967038459be7f8006a74d7fa7cfc819d82df650de9ed3660'],True
vote|final1|11|0,"[""{\n    \""square entries describe more administrative and governance failures (turnover, mismanagement, favoritism, policy experiments, scheduling/operational errors, unresponsiveness) than circle entries\"": \""This bucket isolates leadership- and district-level dysfunction (hiring/turnover, favoritism, cover-ups, billing/enrollment errors, policy/schedule experiments, and office unresponsiveness) — a set of governance/operational failures that is organizational (who runs the school and how) and is distinct from teacher instruction, building condition, or morale issues covered in the other buckets.\"",\n    \""square entries show greater variability and extremes in teacher/instructional quality and student support (from highly committed/inspirational teachers to abusive, neglectful, or discriminatory staff) than circle entries\"": \""This bucket specifically captures classroom-level instructional practice and direct teacher behaviors (excellent pedagogy vs. abusive/sexist remarks, public grade shaming, privacy breaches, and discriminatory treatment) rather than system-wide staff morale, counselor/special-education processes, or facility/resource problems covered elsewhere.\"",\n    \""square entries report more facility, capacity, transportation, and resource‑prioritization problems (overcrowding, poor layout, cafeteria/bathroom failures, and athletic funding skew) than circle entries\"": \""This bucket groups physical-space, enrollment/traffic, and explicit allocation choices (crowding, transition flow, traffic/parking, and spending priorities that favor athletics/technology over other needs) — problems about space, logistics, and spending decisions rather than maintenance/funding shortfalls or instructional/staff behavior.\"",\n    \""square entries report more facility, capacity, sanitation, and resource/funding shortfalls and operational constraints (overcrowding, dilapidated buildings, unsanitary cafeterias/bathrooms, lack of books/computers, traffic/entry congestion) than circle entries\"": \""This bucket captures material and maintenance deficits and operational reliability (dilapidated buildings, pest/cleanliness issues, missing textbooks, outages, nurse absence) — a tangible facilities-and-funding shortfall category separate from prioritization/transportation choices (bucket 3) and separate from personnel/leadership problems.\"",\n    \""square entries show greater variability and polarization in teacher/staff performance, morale, and student support — including both high‑contact committed teachers and widespread apathy, counselor failures, special‑education mismanagement, turnover, and low morale — compared with circle entries\"": \""This bucket focuses on workforce climate and system-level personnel supports (broad morale, frequent turnover, counselor inaction, failures in 504/IEP implementation and special‑ed processes) — distinct from individual classroom instructional quality (bucket 2), from governance decisions (bucket 1), and from physical/funding deficits (buckets 3 and 4).\""\n}""]",,24.66241216659546,20229,1088,1689,,[],['resp_0d6fc60fa561ecfd006a74d7fa7d2c81a08f4462a0bda8d0c3'],True
vote|final1|9|0,"[""{\n    \""square entries show greater variability and polarization in teacher/staff performance, morale, and student support — including both high‑contact committed teachers and widespread apathy, counselor failures, special‑education mismanagement, turnover, and low morale — compared with circle entries\"": \""I selected this bucket because many square reviews describe systemic personnel‑level variability (e.g., sincere counselors vs. widespread counselor failure, high turnover, understaffed special‑ed caseloads) that is about staff morale and support systems — this is mutually exclusive from the other buckets because it targets personnel capacity and morale/support structures rather than (a) discrete classroom instructional extremes, (b) senior‑leadership/governance failures, or (c)/(d) physical resource or prioritization problems.\"",\n    \""square entries describe more administrative and governance failures (turnover, mismanagement, favoritism, policy experiments, scheduling/operational errors, unresponsiveness) than circle entries\"": \""I chose this bucket to group square reports of leadership and policy breakdowns (e.g., scheduling mistakes threatening diplomas, favoritism tied to donors, opaque promotion rules) and it is distinct from the other buckets because it captures top‑down governance and policy failures specifically, not classroom instruction quality, front‑line staff morale, or material/facility/resource shortfalls and allocation choices.\"",\n    \""square entries show greater variability and extremes in teacher/instructional quality and student support (from highly committed/inspirational teachers to abusive, neglectful, or discriminatory staff) than circle entries\"": \""This bucket isolates the classroom‑level instructional and conduct extremes in square reviews (e.g., inspirational AP teachers versus abusive or discriminatory teachers who humiliate students), which is different from the broader staff‑morale/support systems (bucket 1), separate from admin/governance failures (bucket 2), and independent of facility or resource issues (buckets 4 and 5).\"",\n    \""square entries report more facility, capacity, sanitation, and resource/funding shortfalls and operational constraints (overcrowding, dilapidated buildings, unsanitary cafeterias/bathrooms, lack of books/computers, traffic/entry congestion) than circle entries\"": \""I included this bucket to capture square complaints about tangible material deficits and operational constraints (e.g., disgusting bathrooms, falling‑apart textbooks, overcrowded portables) and it remains mutually exclusive because it concerns physical conditions and baseline resources rather than (a) how leadership manages the school, (b) classroom instructional conduct, or (c) strategic allocation/prioritization decisions.\"",\n    \""square entries report more facility, capacity, transportation, and resource‑prioritization problems (overcrowding, poor layout, cafeteria/bathroom failures, and athletic funding skew) than circle entries\"": \""This bucket groups square reports that emphasize not just shortages but the design and prioritization choices (poor campus layout, cohort lunch scheduling, athletic spending prioritized over textbooks, transportation/entry congestion) and is kept separate from the previous facilities bucket because it focuses on spatial/layout, transport and explicit resource‑allocation decisions rather than purely on sanitation, dilapidation, or general shortages.\"" \n}""]",,25.28019881248474,20204,1088,1773,,[],['resp_07c0c7920391510c006a74d7fa7be0819cac95cf9f1b8f4b3b'],True
vote|final1|18|0,"[""{\n    \""square entries report more facility, capacity, transportation, and resource‑prioritization problems (overcrowding, poor layout, cafeteria/bathroom failures, and athletic funding skew) than circle entries\"": \""Groups reviews that identify logistical and capacity stresses plus visible policy choices about resource allocation (e.g., off‑campus lunch, bus shortages, overcrowding and apparent prioritizing of athletics); this is about operational scale and prioritization choices and is different from leadership/governance failures, classroom instructional behavior, material/building-condition shortfalls, or broad staff‑morale patterns captured by the other buckets.\"",\n    \""square entries describe more administrative and governance failures (turnover, mismanagement, favoritism, policy experiments, scheduling/operational errors, unresponsiveness) than circle entries\"": \""Captures leadership- and policy-level dysfunction (indictments, frequent principal changes, board conflicts, politicized hirings and experimental policies) and is distinct from physical facility/resource problems, direct classroom conduct, sanitation/supply deficits, or systemic staff morale and counselor/SpEd management issues.\"",\n    \""square entries show greater variability and extremes in teacher/instructional quality and student support (from highly committed/inspirational teachers to abusive, neglectful, or discriminatory staff) than circle entries\"": \""Focuses specifically on frontline instructional conduct and student-facing behavior — the coexistence of exceptionally dedicated teachers alongside reports of yelling, harassment, favoritism, or discriminatory treatment — and is separate from organizational morale/turnover (which is about staffing stability and systemwide HR), governance, and building/operational constraints.\"",\n    \""square entries report more facility, capacity, sanitation, and resource/funding shortfalls and operational constraints (overcrowding, dilapidated buildings, unsanitary cafeterias/bathrooms, lack of books/computers, traffic/entry congestion) than circle entries\"": \""Targets concrete material and sanitation/resource deficits (dilapidated wings, unsanitary bathrooms, obsolete computers, lack of supplies and AC), which is a materially‑focused category distinct from capacity/transport/prioritization policy choices, leadership failures, classroom behavior extremes, or staff morale/SpEd management problems.\"",\n    \""square entries show greater variability and polarization in teacher/staff performance, morale, and student support — including both high‑contact committed teachers and widespread apathy, counselor failures, special‑education mismanagement, turnover, and low morale — compared with circle entries\"": \""Groups systemic personnel and workforce‑level patterns (high turnover, poor counselor/IEP implementation, widespread low morale and role‑based failures) and is explicitly about organizational staffing health and role coverage — a different slice than individual teacher conduct (bucket 3), governance/policy failure, or the facility/resource problems in the other buckets.\""\n}""]",,25.333163022994995,20274,1216,1794,,[],['resp_0e51585a6b7f7baa006a74d7fa7ea08191aa6fd5e67c886f78'],True
vote|final1|24|0,"[""{\n    \""square entries show greater variability and extremes in teacher/instructional quality and student support (from highly committed/inspirational teachers to abusive, neglectful, or discriminatory staff) than circle entries\"": \""Captures classroom‑level contrasts reported in many square reviews—individual teachers who are either exceptionally supportive or outright abusive/discriminatory—and is focused on direct instructional and student‑facing conduct, which is distinct from broader staff morale/turnover, facility/resource, resource‑allocation/transport, or governance problems covered by the other buckets.\"",\n    \""square entries show greater variability and polarization in teacher/staff performance, morale, and student support — including both high‑contact committed teachers and widespread apathy, counselor failures, special‑education mismanagement, turnover, and low morale — compared with circle entries\"": \""Groups systemic personnel‑level patterns in square reviews (widespread apathy, counselor/special‑ed failures, frequent turnover, and morale issues) that affect staffing capacity across programs and is therefore different from one‑off classroom extremes (bucket 1), physical resource shortfalls (bucket 3), transportation/funding prioritization (bucket 4), or governance/favoritism failures (bucket 5).\"",\n    \""square entries report more facility, capacity, sanitation, and resource/funding shortfalls and operational constraints (overcrowding, dilapidated buildings, unsanitary cafeterias/bathrooms, lack of books/computers, traffic/entry congestion) than circle entries\"": \""Targets tangible infrastructure and operational deficits described in square reviews (aging/dilapidated buildings, filthy bathrooms, lack of textbooks/computers, overcrowded classes and congested hallways) and is explicitly about physical condition and capacity rather than allocation choices, transportation logistics, staff behavior, or leadership issues in the other buckets.\"",\n    \""square entries report more facility, capacity, transportation, and resource‑prioritization problems (overcrowding, poor layout, cafeteria/bathroom failures, and athletic funding skew) than circle entries\"": \""Focuses on logistical and prioritization dimensions—poor bus service, layout/traffic problems, and deliberate funding choices that favor athletics over academics—separating allocation and transportation policy decisions from pure facility decay (bucket 3), classroom conduct (bucket 1), staff morale (bucket 2), and governance failures (bucket 5).\"",\n    \""square entries describe more administrative and governance failures (turnover, mismanagement, favoritism, policy experiments, scheduling/operational errors, unresponsiveness) than circle entries\"": \""Encompasses leadership and policy‑level failures in square reviews (unresponsive principals/boards, favoritism/nepotism, harmful policy mandates and scheduling errors) and is distinct from frontline teacher behavior (bucket 1), staff morale/retention patterns (bucket 2), or concrete facility and allocation problems (buckets 3 and 4).\""\n}""]",,25.67321014404297,19649,1152,1780,,[],['resp_0049b12a99838531006a74d7fa8694819dbe40d2216fb6dc60'],True
vote|final1|19|0,"[""{\n    \""square entries show greater variability and polarization in teacher/staff performance, morale, and student support — including both high‑contact committed teachers and widespread apathy, counselor failures, special‑education mismanagement, turnover, and low morale — compared with circle entries\"": \""This bucket captures broad, system‑level polarization across non‑instructional and support staff (counselors, special‑ed, overall morale and turnover) and is distinct from the other buckets because it targets staff morale/support roles rather than classroom instructional extremes, administrative governance, facility/layout issues, or physical resource shortfalls.\"",\n    \""square entries describe more administrative and governance failures (turnover, mismanagement, favoritism, policy experiments, scheduling/operational errors, unresponsiveness) than circle entries\"": \""This bucket groups reviews about leadership, district governance, politicized decision‑making, favoritism and policy/operational missteps and is mutually exclusive because it concerns governance structures and decisions rather than teacher/classroom practice, support‑staff morale, building capacity/transport, or dilapidated facilities and material shortages.\"",\n    \""square entries report more facility, capacity, transportation, and resource‑prioritization problems (overcrowding, poor layout, cafeteria/bathroom failures, and athletic funding skew) than circle entries\"": \""This bucket covers space, campus design, transport/logistics and explicit prioritization choices (e.g., money toward facilities/athletics instead of instruction) and is kept separate from the facility‑condition bucket because it emphasizes capacity, circulation and funding trade‑offs rather than decay, sanitation, or instructional material shortages.\"",\n    \""square entries report more facility, capacity, sanitation, and resource/funding shortfalls and operational constraints (overcrowding, dilapidated buildings, unsanitary cafeterias/bathrooms, lack of books/computers, traffic/entry congestion) than circle entries\"": \""This bucket groups concrete physical‑condition and acute instructional resource shortfalls (dilapidation, sanitation, outdated tech, missing textbooks) and is exclusive from the prior 'prioritization' bucket by focusing on material decay and missing core resources rather than choices about how space/funding are allocated or transportation/logistics.\"",\n    \""square entries show greater variability and extremes in teacher/instructional quality and student support (from highly committed/inspirational teachers to abusive, neglectful, or discriminatory staff) than circle entries\"": \""This bucket isolates classroom‑level instructional quality and conduct extremes — including inspirational teaching versus abusive/biased behavior and discrimination — and is distinct from the first bucket because it centers on in‑class pedagogy and misconduct rather than broader support‑staff morale, administration/governance, or facility/resource problems.\""\n}""]",,25.77449679374695,19959,1152,1709,,[],['resp_008a4c95163c26a8006a74d7fcb6f4819e89735e90c3d94013'],True
vote|final1|3|0,"[""{\n    \""square entries report more facility, capacity, transportation, and resource‑prioritization problems (overcrowding, poor layout, cafeteria/bathroom failures, and athletic funding skew) than circle entries\"": \""This bucket groups reviews that describe operational/space/transport choices and prioritization decisions (e.g., off‑campus lunch, traffic, crowding, bus-driver shortages, and explicit spending skew to athletics) — focused on how the school manages space/flow and allocates discretionary resources — and is distinct from the other facility bucket (which emphasizes material decay and shortages) and distinct from administration/staff buckets (which focus on people and governance).\"",\n    \""square entries show greater variability and polarization in teacher/staff performance, morale, and student support — including both high‑contact committed teachers and widespread apathy, counselor failures, special‑education mismanagement, turnover, and low morale — compared with circle entries\"": \""This bucket captures systemwide distributional patterns across staff (large within‑school variance, HR/staffing problems, counselor/special‑ed mismanagement and turnover indicating polarized staff quality and morale), and is different from the next bucket which centers on extreme individual teacher conduct (abusive or inspirational) rather than the broader pattern of workforce polarization and systemic support failures.\"",\n    \""square entries show greater variability and extremes in teacher/instructional quality and student support (from highly committed/inspirational teachers to abusive, neglectful, or discriminatory staff) than circle entries\"": \""This bucket groups reviews that document extreme, concrete classroom‑level behaviors — outstanding teachers at one end and abusive/harassing/discriminatory or neglectful instructors at the other — emphasizing individual instructional conduct and student‑facing harm, which is distinct from the organizational/ morale polarization described in the previous bucket and from governance or physical‑resource complaints.\"",\n    \""square entries describe more administrative and governance failures (turnover, mismanagement, favoritism, policy experiments, scheduling/operational errors, unresponsiveness) than circle entries\"": \""This bucket covers leadership and policy breakdowns (e.g., favoritism/nepotism, lost paperwork, scheduling/registration failures, PR/image management, inconsistent discipline and unexplained policy changes) focused on governance and decision‑making, which is conceptually separate from teacher/staff behavior and from material/facility/resource problems.\"",\n    \""square entries report more facility, capacity, sanitation, and resource/funding shortfalls and operational constraints (overcrowding, dilapidated buildings, unsanitary cafeterias/bathrooms, lack of books/computers, traffic/entry congestion) than circle entries\"": \""This bucket groups concrete physical‑resource and sanitation shortages and infrastructure decay (old textbooks, mold/rodents, broken facilities, lack of instructional materials and funding shortfalls) — focused on material conditions and resourcing gaps — and is kept separate from the operational/priority decisions bucket and from governance or personnel failures.\""\n}""]",,25.823326110839844,19618,1024,1664,,[],['resp_03d809df5b138921006a74d7fa8ac481a1a08e27023451f2bc'],True
vote|final1|22|0,"[""{\n    \""square entries report more facility, capacity, transportation, and resource‑prioritization problems (overcrowding, poor layout, cafeteria/bathroom failures, and athletic funding skew) than circle entries\"": \""This bucket captures concrete capacity/transportation and explicit prioritization choices (e.g., 'most money goes to sports', lack of after‑school buses, crowded halls) and is distinct from the other buckets because it centers on how resources are allocated and space/traffic/layout decisions rather than sanitation/shortages (bucket 5), staff performance or morale (buckets 2–3), or leadership/operational governance failures (bucket 4).\"",\n    \""square entries show greater variability and polarization in teacher/staff performance, morale, and student support — including both high‑contact committed teachers and widespread apathy, counselor failures, special‑education mismanagement, turnover, and low morale — compared with circle entries\"": \""This bucket groups reports about personnel stability, workforce morale, counselor and SpEd program management, and turnover (the school as a staffing system), and is mutually exclusive from bucket 3 because it focuses on system‑level personnel patterns and programmatic support (who stays, who is overloaded, whether SpEd is managed) rather than on the pedagogical extremes or abusive behaviors of individual teachers, and it is separate from facilities (1 & 5) and governance (4).\"",\n    \""square entries show greater variability and extremes in teacher/instructional quality and student support (from highly committed/inspirational teachers to abusive, neglectful, or discriminatory staff) than circle entries\"": \""This bucket captures the bipolar instructional experiences and individual staff conduct—exceptional classroom instruction versus abusive/ discriminatory teachers or teaching-to-the-test—distinct from bucket 2's staffing/turnover/morale/program management emphasis and separate from facility or administrative policy issues (buckets 1, 4, 5).\"",\n    \""square entries describe more administrative and governance failures (turnover, mismanagement, favoritism, policy experiments, scheduling/operational errors, unresponsiveness) than circle entries\"": \""This bucket aggregates leadership and governance breakdowns (e.g., favoritism toward athletes/principal's child, lost paperwork, scheduling/course‑pulling, refusal to communicate) and is exclusive because it concerns decision‑making, policy and accountability failures rather than physical resources (1 & 5) or individual teacher quality/behavior (2–3).\"",\n    \""square entries report more facility, capacity, sanitation, and resource/funding shortfalls and operational constraints (overcrowding, dilapidated buildings, unsanitary cafeterias/bathrooms, lack of books/computers, traffic/entry congestion) than circle entries\"": \""This bucket focuses on tangible shortages, building condition and sanitation problems (rats, closed bathrooms, missing doors, lack of computers/books) and is kept distinct from bucket 1 because it emphasizes physical decay and resource deficits rather than allocation/prioritization choices, and it is separate from personnel or governance themes (buckets 2–4).\""\n}""]",,26.699775218963623,20353,704,1381,,[],['resp_0519c61e65142fce006a74d7fa7cb081a08e24bdd18010bec6'],True
vote|final1|16|0,"[""{\n    \""square entries report more facility, capacity, transportation, and resource‑prioritization problems (overcrowding, poor layout, cafeteria/bathroom failures, and athletic funding skew) than circle entries\"": \""This bucket groups all reports about overcrowding, building layout/traffic and visible choices about where money goes (e.g., stadiums vs. classrooms) — distinct from the sanitation/maintenance and instructional‑resource shortages in the next bucket and not about staff conduct or governance, so it is mutually exclusive from the other selections.\"",\n    \""square entries report more facility, capacity, sanitation, and resource/funding shortfalls and operational constraints (overcrowding, dilapidated buildings, unsanitary cafeterias/bathrooms, lack of books/computers, traffic/entry congestion) than circle entries\"": \""This bucket captures material and operational deficits that directly impede learning (moldy food, old computers, broken HVAC, entry/registration chaos) and is focused on physical/operational resourcing rather than prioritization decisions, classroom teaching extremes, staff morale, or central governance failures, making it distinct from the other buckets.\"",\n    \""square entries show greater variability and extremes in teacher/instructional quality and student support (from highly committed/inspirational teachers to abusive, neglectful, or discriminatory staff) than circle entries\"": \""This bucket groups classroom‑level instructional and interpersonal extremes — whether a teacher is highly available, inspiring, abusive, or discriminatory — and is limited to instructional practice and direct teacher–student interactions (not systemwide staff morale/counselor failures or central admin/governance issues), ensuring it does not overlap with the broader personnel or leadership buckets.\"",\n    \""square entries show greater variability and polarization in teacher/staff performance, morale, and student support — including both high‑contact committed teachers and widespread apathy, counselor failures, special‑education mismanagement, turnover, and low morale — compared with circle entries\"": \""This bucket groups systemic personnel phenomena (widespread turnover, counselor bottlenecks, special‑ed case mismanagement, low staff morale) that operate at the school/staffing level beyond the single‑classroom instructional extremes in the previous bucket and distinct from facility/resource or governance failures.\"",\n    \""square entries describe more administrative and governance failures (turnover, mismanagement, favoritism, policy experiments, scheduling/operational errors, unresponsiveness) than circle entries\"": \""This bucket groups leadership and governance problems — board/superintendent/principal scandal, policy changes, favoritism, scheduling or program‑administration breakdowns — which affect school direction and policy rather than day‑to‑day facility maintenance, classroom teaching behavior, or staff morale, thereby remaining mutually exclusive from the other buckets.\""\n}""]",,27.28865694999695,20324,1280,1899,,[],['resp_04b069e2b9fe2838006a74d7fa7ce081a39f32f2097e8a78ad'],True
vote|final1|1|0,"[""{\n    \""square entries show greater variability and polarization in teacher/staff performance, morale, and student support — including both high‑contact committed teachers and widespread apathy, counselor failures, special‑education mismanagement, turnover, and low morale — compared with circle entries\"": \""Groups many raw terms describing inconsistent staff morale, uneven counselor/special‑ed supports, and workforce instability into a single people‑support cluster; this is distinct from instructional abuse (bucket 4), physical/facility problems (buckets 2/3), and governance failures (bucket 5) because it centers on staff capacity, morale, and the presence/absence of supportive adults rather than pedagogy, buildings, or policy.\"",\n    \""square entries report more facility, capacity, sanitation, and resource/funding shortfalls and operational constraints (overcrowding, dilapidated buildings, unsanitary cafeterias/bathrooms, lack of books/computers, traffic/entry congestion) than circle entries\"": \""Captures raw terms about building condition, crowding, sanitation and basic resource shortages as a coherent infrastructure/health‑safety theme; it is kept separate from bucket 3 which focuses on transport and prioritization decisions and from the staff/morale (bucket 1), instructional quality (bucket 4), and governance/favoritism (bucket 5) domains.\"",\n    \""square entries report more facility, capacity, transportation, and resource‑prioritization problems (overcrowding, poor layout, cafeteria/bathroom failures, and athletic funding skew) than circle entries\"": \""Groups items that point to operational logistics and explicit allocation choices (transportation reliability, cafeteria/bathroom layout, and visible prioritization of athletics over programs) — an operations/priority‑allocation cluster that differs from pure facility decay (bucket 2), personnel morale/support (bucket 1), classroom instruction/abuse (bucket 4), and administrative governance (bucket 5).\"",\n    \""square entries show greater variability and extremes in teacher/instructional quality and student support (from highly committed/inspirational teachers to abusive, neglectful, or discriminatory staff) than circle entries\"": \""Aggregates raw terms documenting the extremes of classroom practice — inspirational teaching versus abusive, discriminatory, or neglectful instruction — and is deliberately distinct from generalized staff morale or counseling failures (bucket 1), from building/operational issues (buckets 2/3), and from higher‑level governance/favoritism problems (bucket 5).\"",\n    \""square entries describe more administrative and governance failures (turnover, mismanagement, favoritism, policy experiments, scheduling/operational errors, unresponsiveness) than circle entries\"": \""Collects the raw terms alleging leadership, policy, and district‑level failures — turnover, favoritism, harmful policy choices, and unresponsiveness — which are organizational/governance problems separate from frontline instructional abuse (bucket 4), staff morale/support variability (bucket 1), or facility/operational resource issues (buckets 2 and 3).\""\n}""]",,27.766289949417114,20104,768,1442,,[],['resp_039ceaa0cd060404006a74d7fa813c81a3914471ebb16a7ef3'],True
vote|final1|0|0,"[""{\n    \""square entries show greater variability and extremes in teacher/instructional quality and student support (from highly committed/inspirational teachers to abusive, neglectful, or discriminatory staff) than circle entries\"": \""Covers classroom‑level instructional behavior and direct student‑facing staff conduct (including inspirational teachers vs. abusive or discriminatory incidents); distinct from the morale/turnover/systemic staffing failures in the 'polarization/morale' bucket and separate from facility or governance issues.\"",\n    \""square entries report more facility, capacity, transportation, and resource‑prioritization problems (overcrowding, poor layout, cafeteria/bathroom failures, and athletic funding skew) than circle entries\"": \""Targets physical space, scheduling/transport logistics, and how resources are prioritized (e.g., athletics vs. books) — a facilities/operations logistics cluster separate from sanitation/asset decay and distinct from governance or staff‑performance themes.\"",\n    \""square entries describe more administrative and governance failures (turnover, mismanagement, favoritism, policy experiments, scheduling/operational errors, unresponsiveness) than circle entries\"": \""Focuses on leadership, policy decisions and district/school governance (hiring, favoritism, experimental policies, and responsiveness) rather than classroom practice, facilities condition, or workforce morale/counseling structures.\"",\n    \""square entries show greater variability and polarization in teacher/staff performance, morale, and student support — including both high‑contact committed teachers and widespread apathy, counselor failures, special‑education mismanagement, turnover, and low morale — compared with circle entries\"": \""Captures systemic workforce health and support‑system breakdowns (counseling, special‑ed administration, morale, turnover) that affect service delivery broadly and is intentionally separated from classroom‑level abusive/exceptional behavior (bucket 1) and from governance decisions (bucket 3).\"",\n    \""square entries report more facility, capacity, sanitation, and resource/funding shortfalls and operational constraints (overcrowding, dilapidated buildings, unsanitary cafeterias/bathrooms, lack of books/computers, traffic/entry congestion) than circle entries\"": \""Groups building condition, sanitation, instructional resource shortages and chronic funding shortfalls (decay, mold, lack of textbooks) as an asset‑and‑maintenance cluster distinct from transportation/prioritization logistics (bucket 2), governance (bucket 3), and staff performance issues (buckets 1 & 4).\""\n}""]",,28.019622802734375,20097,896,1460,,[],['resp_075fcf15b1a8a71a006a74d7fa5ed8819c89f63f44d888f805'],True
vote|final1|15|0,"[""{\n    \""square entries describe more administrative and governance failures (turnover, mismanagement, favoritism, policy experiments, scheduling/operational errors, unresponsiveness) than circle entries\"": \""Groups concrete leadership- and policy-level dysfunction (board/principal/registrar behavior, cover-ups, hostile governance, scheduling mistakes and unresponsiveness) and is mutually exclusive because it targets decision-making and governance actions rather than physical plant issues or classroom/staff morale problems captured by other buckets.\"",\n    \""square entries report more facility, capacity, sanitation, and resource/funding shortfalls and operational constraints (overcrowding, dilapidated buildings, unsanitary cafeterias/bathrooms, lack of books/computers, traffic/entry congestion) than circle entries\"": \""Captures tangible building- and supply-level deficits (decay, pests, lack of books/equipment, unsanitary conditions, space shortages) and is distinct from the other facility/logistics bucket because it emphasizes core sanitation, material shortages and basic capacity problems rather than transport/layout/prioritization tradeoffs or policy choices.\"",\n    \""square entries report more facility, capacity, transportation, and resource‑prioritization problems (overcrowding, poor layout, cafeteria/bathroom failures, and athletic funding skew) than circle entries\"": \""Focuses on campus logistics and explicit prioritization decisions (transportation delays, parking and circulation, facility layout, and funds being diverted to athletics vs. academics) and is mutually exclusive from the prior facility bucket because it emphasizes operational logistics and funding choices rather than basic sanitation or material scarcity.\"",\n    \""square entries show greater variability and extremes in teacher/instructional quality and student support (from highly committed/inspirational teachers to abusive, neglectful, or discriminatory staff) than circle entries\"": \""Groups classroom‑level extremes that range from exemplary, deeply supportive teachers to overtly abusive or discriminatory staff and is exclusive from the systemic-staffing bucket because it highlights individual-level instructional conduct and extreme harm rather than broad morale, turnover, or counselor/IEP caseload dysfunction.\"",\n    \""square entries show greater variability and polarization in teacher/staff performance, morale, and student support — including both high‑contact committed teachers and widespread apathy, counselor failures, special‑education mismanagement, turnover, and low morale — compared with circle entries\"": \""Aggregates systemic staffing and personnel-condition issues (widespread apathy, counselor overload, special-education mismanagement, high turnover and uneven morale) and is mutually exclusive from the previous pedagogy/extreme‑behavior bucket because it describes pervasive, structural workforce and support-system patterns rather than isolated extreme staff behaviors.\""\n}""]",,30.359829902648926,19892,1216,1813,,[],['resp_01701a12e4e24370006a74d7fac8c48191ba17a4f3ddb86c01'],True
vote|final1|13|0,"[""{\n    \""square entries show greater variability and polarization in teacher/staff performance, morale, and student support — including both high‑contact committed teachers and widespread apathy, counselor failures, special‑education mismanagement, turnover, and low morale — compared with circle entries\"": \""This bucket captures the many reviews that describe a split workforce (some highly committed staff vs. pervasive low morale, counselor/IEP breakdowns and high turnover); it is distinct from facility/resource problems (physical infrastructure) and distinct from governance (decision‑making/leadership) because it centers on day‑to‑day staff morale, caseload/support and special‑education practice rather than building condition, budget priorities, or administrative policy.\"",\n    \""square entries report more facility, capacity, sanitation, and resource/funding shortfalls and operational constraints (overcrowding, dilapidated buildings, unsanitary cafeterias/bathrooms, lack of books/computers, traffic/entry congestion) than circle entries\"": \""This bucket groups concrete, material deficits (broken HVAC, pest infestations, too few bathrooms, overcrowding, missing supplies) and operational bottlenecks that limit basic functioning; it is mutually exclusive from the 'resource‑prioritization/transportation' bucket because it describes absolute shortfalls and sanitation/capacity failures rather than contested spending choices or bus/transport policy.\"",\n    \""square entries report more facility, capacity, transportation, and resource‑prioritization problems (overcrowding, poor layout, cafeteria/bathroom failures, and athletic funding skew) than circle entries\"": \""This bucket focuses on problems tied to how resources are allocated and managed (transportation unreliability, elective cuts, visible choices to fund athletics/amenities over academics), distinguishing it from pure building decay or sanitation issues and from personnel or governance failures because it zeroes in on prioritization decisions and their operational consequences (who/what gets funded or scheduled).\"",\n    \""square entries show greater variability and extremes in teacher/instructional quality and student support (from highly committed/inspirational teachers to abusive, neglectful, or discriminatory staff) than circle entries\"": \""This bucket groups evidence about instructional practice extremes — effective AP/IB teachers next to abusive or untrained instructors, teacher‑level discrimination, and punitive grading/assessment behavior — and is distinct from the broader staff‑morale bucket because it emphasizes classroom instruction quality and abusive conduct (teaching competence and misconduct) rather than systemic morale, counselor or special‑education caseload problems.\"",\n    \""square entries describe more administrative and governance failures (turnover, mismanagement, favoritism, policy experiments, scheduling/operational errors, unresponsiveness) than circle entries\"": \""This bucket groups reviews that attribute problems to leadership and governance (frequent principal/superintendent turnover, favoritism/'good old boys' networks, scheduling/credit errors, budget cuts, unresponsive guidance offices); it is mutually exclusive from staff‑level and facility buckets because it locates the root cause in decision‑making, policy choices and managerial conduct rather than in classroom instruction, daily staff morale/support, or purely physical infrastructure.\""\n}""]",,37.441099882125854,20169,2048,2734,,[],['resp_07f109fcb8a9e8ff006a74d7fa7e1881a09bb4b11805729db3'],True
