topic_id,rank,similarity,universal-id,id,n_words,text
0,1,0.9188,608459,5449897,31,Unfortunately our experience at this school has not been a good one. Our child struggles with bullying and the school does nothing about it. Many teachers and aides are really unqualified.
0,2,0.9183,3604692,3604129,96,"Terrible experience at this school. Bullying is rampant for years. The teachers are....there. Not much more than that. The administration consists of a figurehead principle who asserts little to no control or decision making. Incidents are not filed or reported to parents, and while a strong connection with your child is of course a must, it's also a requirement for survival in this school, as no one is going to warn you that your child was harassed physically, verbally, and emotionally for weeks on end. I have no idea how anyone can learn in this environment."
0,3,0.908,5101328,1421395,102,"This school is horrible. The teachers are bitter, play favorites, can't do their jobs properly, and do nothing about bullying. The students are mean and bully kids if the child isn't to their standards. The administrators don't care, I know from experience since I was supposed to talk to the principal about something going on involving me getting bullied but he was too ""busy"" to do it and had me to talk to someone else. Don't send your child here, it's awful and it will put your child through a nightmare. They will literally be terrified to come to school every day."
0,4,0.9066,402888,1473427,114,"This school has issues. Bullying being the #1 problem. They don't reprimand the kids that do it, but reprimand those that defend themselves. They allow verbal bullying to occur on a daily basis with no consequences. There are a few good teachers but the majority are burned out and its just a paycheck. They don't care about the kids or deal with the issues surrounding the kids that are mean. They allow sick children with fevers constantly, don't allow kids to go home sick. Parents are not friendly, new kids are not accepted, they are picked on with no assistance from administration. We left this school as it was not a fit for us."
0,5,0.9064,1900546,5255679,86,"This school lacks caring teachers and staff. I was told over and over again that things were getting taken care of my son was bullied due to an accident that left a scar on his face. I didn't know how bad it was until he took his own life. As a parent this is something you don't ever want to experience, but I did. No matter how much you preach to these adults about bullying they will never listen, or step in to help a child."
1,1,0.9027,4700998,2471532,12,the teachers and staff are amazing and truly care for each student
1,2,0.8964,4802890,3938161,24,The teachers and staff are excellent and really care about the students. They create fun and engaging learning environments and connect with the families.
1,3,0.8938,3400222,960487,6,The teachers and staff are great.
1,4,0.8923,800615,820569,11,Teachers and Staff are great and really care about the kids.
1,5,0.8914,3902293,1007489,10,the teachers and staff are great with students and parents
2,1,0.9086,4808041,4054641,107,"This school has been amazing! We've been at the school for 13+ years and have seen and experienced God's blessings on the school time and time again. The stability in leadership and continued focus on attracting the very best teachers and administrators have been important factors in keeping us here. Our kids have excelled and our oldest (whose left the nest already) seems more equipped to handle the next stage of life both academically and spiritually.The school is not perfect because it's run by human beings but that being said, my wife and I could not have asked for a better Christian educational experience for our children."
2,2,0.9025,5503369,1042325,44,This is an amazing Christian school. The teachers are committed and the students are in an atmosphere that encourages positive Christ-centered atttudes. It was an excellent environment for our son while he attended the school. It now is attending college and is doing great.
2,3,0.9016,1205174,1628147,31,Amazing school! The staff is friendly and kind and you can definitely see the Christian values instilled in the staff. Your child will not get an education like this anywhere else!
2,4,0.8967,4901098,1522978,90,"Children's Christian School has been an amazing school for our family. Our daughter was traumatized by the public school system and Children's Christian School took her in, made all the accommodations we requested, worked with her until she was able to get to grade level. I have never seen such dedication from the Director to the teachers in the school. The Parents involvement in the school is wonderful from doing lunch warm-ups to helping in the classrooms. The entire school revolves around the student's academic, social, emotional and spiritual needs."
2,5,0.8959,1203691,922383,62,This is a wondeful shool! My child has attended several other Christian schools and this one by far is the best! The academic standards are very high and the teachers care so much about EVERY student. There is absolutely NO favortism in this school. The students are great and hardworking. The entire school is very Christ focused without all of the 'religion'!
3,1,0.926,5103396,2491219,34,We are very pleased with Early Years Montessori School. My both children attended this school and they both have blossomed. Director and the teachers are very caring.I love this school and recommend it highly.
3,2,0.9233,1705534,1175234,117,"Sending my daughter to Children's House Montessori School has been the best decision we could possibly make in her education. There is a very warm and welcoming atmosphere here. They strive to make this establishment surpass a school and become more like an extended family. The teachers have often gone above and beyond what is expected of them to make sure that every child receives the attention and care that he/she requires. A strong sense of self motivation, pride, and self reliance is nurtured in this environment. We feel very fortunate that we have been able to find this school. We highly recommend Children's House Montesorri School to anyone who wants a quality education for their child."
3,3,0.9228,5103369,1338252,116,"My child has gone to this school for 3 years. It is an excellent education! Contrary to popular belief about Montessori, the teachers are very structured in the classroom. She has learned so much at this school, but that is because she loves to learn and enjoys what the world has to offer! Although the staff I have encountered the most is not as friendly and conducive to adults, they treat my child well and she loves them! It is incredible to see what and how the children learn here- and not just academics but socializing and life skills are important here too! I am very impressed with the school and how it treats my child."
3,4,0.9167,5103215,1592949,113,"I have had 2 kids come through the full program at this wonderful school. This is truly a Montessori school that employs and applies all the elements of the Montessori approach. My children were in a calm, encouraging and kind environment, which in turn helped them learn well. They both left there with strong academic skills, art appreciation and great learning behavior. This school backs up to a wooded area and the kids get to go on nature walks, learn about the local wildlife by observing and also to appreciate their environment. I really cannot say enough good things about this school, the teachers there or their approach to kids. Very highly recommended."
3,5,0.9167,3501122,755747,36,Our Montessori is a wonderful school! I highly recommend it. The staff is highly qualified and will go above and beyond for families. My child has learned so much in a short time since he started.
4,1,0.9424,2200778,958780,9,A Great School .All Teacher and staff are wonderful.
4,2,0.9408,602631,4718704,14,"Great school. The teachers are amazing, warm and really have the students best interest."
4,3,0.9406,5100361,2098851,17,Great school..wonderful teachers..very involved parents. Overall this school has been a fantastic place for my 2 children.
4,4,0.9398,1203132,5251241,15,Great school with amazing teachers. School very dedicated to the well being of the children.
4,5,0.9392,2500114,1382503,19,Great school! Wonderful teachers and parents that care about one another and want the best for our children education.
5,1,0.9267,611020,4463692,122,"We have had two children attend this school. The learning environment and the social environment have been exceptional. Our older child was well prepared for middle school and high school and my younger has been thriving in this environment. The school's administration works well with staff and parents to achieve common goals. The PTA is very active and complements the teaching staff's objectives. The academic foundation is strong and the teaching staff is great! Furthermore, there are many positive co-curricular activities such as robotics, musical theater, keyboarding, STEM assemblies, as well as field trips and more! They even have a kindness program, where children are encouraged to be kind to each other and their community. This is an exceptional public elementary school!"
5,2,0.9258,631105,2379046,27,My kids love this school. The staff and principal are all really great and helpful. I love that so many parents are involved in the pta too!
5,3,0.9256,607722,1354318,25,Great PTA involvement! Teachers and the principal are amazing! My daughter love the school. Teaching are very structure and all the kids are well discipline.
5,4,0.9249,602425,2306907,83,"My children have thrived at this school! The teachers truly care about their students, the principal is engaged and knows all the students by name, and the front office staff are very friendly and helpful. The teachers are eager to work with parents on ensuring every child excels in school and is prepared for the next grade. The PTA is very engaging and the parent center very welcoming. We are very happy our children are receiving a quality education in a safe environment!"
5,5,0.9248,3603014,1142456,70,"This is my fourth year in this school, and currently have two children attending. Have found this school to be a great environment both educationally and emotionally for my children. Principal is doing a great job, many parents are involved with the PTA, there is a really strong sense of community. Like another reviewer said, cannot get everything right every time, but my personal experiences have always been extremely positive."
6,1,0.9153,4800505,3446069,36,"Both of my children attended this school and the experience was great. Middle school is a tough time, but the teachers and administrators go out of their way to help kids be successful and feel welcome."
6,2,0.9029,801013,1589039,93,"Great School! Middle School can be a hard transition but things have been great! The Teachers and Staff have been wonderful they truly are invested in helping kids thrive not only in academics but also socially and emotionally. They continuously strive to create a positive and welcoming environment for both parents and students. The community aspect is growing ,but my favorite part of the school is that the teachers, administration and staff are attentive and make the learning day not only productive but they include many fun activities that keep the students engaged."
6,3,0.9013,5300477,4008547,34,"This is a top-notch school. We were worried about middle school, but our son is having a terrific experience and we are so pleased with the teachers and the quality of learning they provide."
6,4,0.8993,604803,1543118,47,"This is a great school full of amazing students and caring, passionate teachers. Middle school is a tough time for kids, but I feel that this school offers a lot of opportunities for them to succeed. Check out this school and get involved when you get here."
6,5,0.8977,1203461,5356540,55,"Great middle school experience for my son. He is excited to go to school everyday, he made friends quickly. The curriculum is great. I especially love the small class sizes and the caring environment. There is no bullying, no fighting, nothing like you see in most middle schools! Such a blessing to have this school!"
7,1,0.9066,601778,1215531,59,I have two children in the Spanish Language program at this school. One is in 2nd and the other is in Kinder. The teachers are awesome. The parents are completely involved and the teachers are undoubtably the creme of the crop. I am looking forward to the rest of our elementary years at this school. I love it here!
7,2,0.9003,603648,4843750,76,This school and it’s staff are an absolute blessing. Our kiddo was in the first year pilot dual immersion Spanish program and flourished beyond our expectations. The amount of Spanish she has retained boggles the mind. The principal at the school is extremely experienced in dual immersion programs and that is very helpful and encouraging for new parents coming in. This is a small school with big heart and a beautiful sense of community. Highly recommend!
7,3,0.8948,3200637,974665,33,This school is amazing. I was worried about the Spanish component but my daughter has thrived in this environment. The teachers care so much about the kids and the kids love their school.
7,4,0.8945,200130,1542365,51,I have had two children in this school for five years. They are both fluent and confident in their Spanish. They are both excelling in the English taught curriculum also. I feel welcomed by the principal and teachers. I am very happy we decided to enroll our children in this school.
7,5,0.8933,4800583,1480734,44,"My child has been attending this school for the past two years as part of the Dual Language program, where the children are taught in both Spanish and English. We have had wonderful teachers and found the school administration to be responsive and helpful."
8,1,0.9111,1213775,4016792,12,Absolutely horrible. This is the worst school I have ever come across.
8,2,0.9057,4804210,3981538,8,This school is horrible. The worst school ever
8,3,0.9037,402551,2743218,39,Horrible! Absolutely the worst school I have ever had to deal with! I have 4 children & moved every 2 years & my children have gone to 9 different schools and I can say this school is the worst!
8,4,0.9022,1901431,3590647,13,Worst school I've seen. Teachers are horrible and kids are out of control.
8,5,0.9011,1202215,5642359,11,Horrible school. Kids are bad and don't respect for the teachers.
9,1,0.8997,606195,1234428,45,"The school has an excellent music program (more specifically, performing arts) and it has been improving every year. Teachers are phenomenal and students are nice (some snobby, but they go off to private schools so they won't be a hassle to your kids for long)."
9,2,0.8942,1703496,1164328,38,My daughter goes to this school and we are very happy. The principal is an excellent role model for the kids. The music program is phenomenal! My daughter is always challenged in her classes and is learning alot!
9,3,0.8921,603054,4949261,37,"All of my three kids have gone to this school. The principal is amazing with so much positive energy for these young teens, and the teachers are equally as passionate to advance our children. Wonderful band program."
9,4,0.8879,3000418,5476603,37,The teachers and staff at this school care a lot about the kids and their education. They have amazing programs for the kids. The music and arts programs are amazing with great teachers and many wonderful opportunities.
9,5,0.8866,606609,2166153,46,"This is a wonderful school as long as the students and parents put in their fair share, the teachers and staff are not there to do all of the work. The music program is wonderful and the music teachers go above and beyond for their students."
10,1,0.9013,2900178,3864043,20,On a scale of 1 to 10 I would rate this school a 10. They are amazing with my kids.
10,2,0.8904,4820875,3572687,18,I rate this school a 10. The teachers are amazing and the school environment is small and personable.
10,3,0.8883,3905398,3015065,17,A 10 out of 10. This school was great when we started and is only getting better.
10,4,0.8844,4200325,3322741,9,So far I would rate this school a 10.
10,5,0.8827,3905717,4112985,18,I would rate it a 9/10. We had a very good experience and my kids love the school.
11,1,0.9028,3500045,1109868,99,"Posted December 4, 2008 Report it This school is far from a 'Great School' on so many levels. The programs are remedial at best and there is no challenge for the children. The teachers seem disinterested and the principal runs it like a baron. There is little structure and certainly nothing that makes it stand out other than the break-ins and graffiti it suffers on a regular basis. I'm trying to get my kid to a charter school where people actual care as much as I do about my child's education. Submitted by a parent Write your own review"
11,2,0.8946,405996,2561411,64,"I have never been so impressed with a charter school! The faculty and admin truly live for these students and I know my child is in a healthy, safe environment when I drop them off. The principal is extremely approachable and listened empathetically when I explained some of my son's specific needs. I wish other parents could have the same positive experience I did."
11,3,0.8919,3909868,1240801,63,My son has gone here for 5 years. The teachers are great and patient. My son has need extra help and I am convinced he would never have gotten it in a public school setting. This school has made me a huge fan of charter schools. My only complaint is that they keep changing the times the school starts and ends every year.
11,4,0.8899,403068,1497610,26,This school has been great for all my children. The faculty and admin are caring and provide a great learning environment. Thank God for charter schools!
11,5,0.8897,4901089,1260970,196,"Coming from a private school to this charter school has been a rewarding experience. My children are making greater strides here than at their previous school. It is exciting to see them loving school again, exceeding their goals and meeting great friends, teachers and administration. The school focuses on the critical aspects of a child's education and does it well; the test results speak for themselves. These results happen in part from an administration that has the best interest of the students, teachers and families in mind. The teachers care about and are devoted to their students. I am impressed with their caliber and talents. Everyone at the school is professional, thoughtful, warm and friendly. I feel blessed to be associated with this school and feel that my children will receive a great education. The uniforms are varied, inexpensive, comfortable and work. The director, school board, teachers and staff work very hard to ensure the school sets meaningful goals and then meets or exceeds them. My children feel safe and have attributed that to the values promoted and expected in the hallways and classrooms. If you have the opportunity to come here I highly recommend it."
12,1,0.9156,1212672,1102457,21,My daughter started Kindergarten this year and she is doing very well.The teachers here are all about the kids.Love this school.
12,2,0.9111,4900480,1519018,59,"My child attended Kindergarten here, and will now be going to first grade as well. The staff here are wonderful, and my little girl absolutely loves them all. She has never had a negative experience, and couldn't wait to go back. Mr. Kay is such a fantastic and very involved principal as well. I am happy with this school."
12,3,0.9044,1301349,1626942,37,"My daughter went to Kindergarten here and she blossomed so much here and the staff is awesome, they really challenge your child to excel more. I will miss this school as the teachers and school is awesome....."
12,4,0.9041,2602176,1155016,51,This is a great school. My daughter just started kindergarten this year and it was a smooth transition. Her teacher is phenomenal! The other staff is excellent as well. They care as much as I do about her education. My wife and I feel blessed that she is in good hands.
12,5,0.9037,604129,1462655,49,We love this school. Our son is in kindergarten and the new kindergarten teacher is great. She really cares about these kids and she pushes and challenges them daily. They are doing so much work and I am confident he will be ready for the first grade next year.
13,1,0.8776,1601297,1594485,165,"I have an older son who attended Overland, and a daughter who currently attends. We've been at the school for about 4 years in total. I LOVE THIS SCHOOL. I am blown away by how quickly my kids learn here. They both started reading at 4 years old, and they learn the foundation for multiplication before they leave kindergarten. The depth and breath of curriculum also includes other broad topics. The teachers are kind and yet have an amazing ability to orchestrate the day for all the kids. When you enter this school and students are doing work time, it is calm and organized and everyone is on-task. Also, since my older son has gone on to public school, starting in 1st grade, I have noticed that he is doing things now that he had already done at Overland. The quality is absolutely outstanding and if I could, I would keep both my kids there through high school graduation (sadly, they only go through Kindergarten.)"
13,2,0.8754,800634,5512614,176,"Both our children go to this school. My daughter is now going into 4th grade and my son will be in 2nd grade. We love this school and have appreciated the changes they have made to really prioritize student learning and development. It has undergone some dramatic changes recently including a ballot measure to increase funding but the new building and new staff have been able to really foster a positive learning environment for all levels of students. We love the diversity, we love their openness and communication, and we love the community that continues to evolve. The school and the community are relatively small and that lends itself to a better level of involvement from all stakeholders. Our daughter is on a ""talented and gifted"" type track and prefers a traditional academic setting so they have given her tons of support. Alternatively, our son prefers more activities outside the classroom and they've been able to integrate active styles of learning for him. Overall, especially through the pandemic, the school and the district have been incredible."
13,3,0.8676,610322,1203215,217,"My son has attended Phoenix for K-1st grade. We have been so happy with his teachers and the quality of education he has received. There have only been 15 kids in each class and the teachers are able to focus on the individual needs of each kid. My son has learned so much this year and is reading consistently at a 2nd grade reading level, even reading early 3rd grade level books. The school itself is small and has a very safe learning environment. My son is shy and can excel here whereas he would be left behind at our large public school. I have volunteered in his classes and see the wonderful interactions the teachers have with the kids and how their artwork tie into the unit they are focusing on. Some people have stated negative things about the principal, but I have only had positive interactions with Mrs. MacDonald. I feel that she has moved the school forward in a positive manner and has brought an excellent curriculum to the school. She is very professional and is quick to respond to my emails and in person questions. We have only had positive experiences at this school and I plan to continue to send my son here as well as my daughter when she starts kindergarten."
13,4,0.8675,602098,1567184,152,"Our daughter started Kindergarten in the fall of 2014. We were nervous about sending her to an LAUSD school, but felt it was important to support the public school system and give our neighborhood school a chance. We couldn't be happier. Our daughter loves going to school every day. Not only is she learning math, reading and writing, but with the use of Council, she is being taught how to communicate in an open and effective way. The new principal has done wonders for the school. He's brought in phenomenal teachers and workshops for them. He's an amazing leader, he puts the important things first and he cares about the education that the kids in his school are getting. The school is constantly growing and changing for the better under his leadership. We have loved getting involved and it's been exciting to be a part of growing and improving our neighborhood school."
13,5,0.8654,5103012,1500858,158,"My kid is attending Island Creek, and I couldn't be any happier. The teacher in his class is very nice and caring. I get e-mails about his progress, and weakness, as well as how to work with him. I am very much impressed by the way the teacher cared, and took time to communicate with me. I am also impressed by how much the PTA is invloved. It is great to see a community that cares about not only their own kids, but the school in general. We have friends/neighbors who are sending their kid to a private school, and when we were comparing notes about our kids activities, as well as their ability to read,our friends were very much impressed by our school. They have decided to enroll their daughter to the school next year. Overall we are impressed. For kindergarten, our son's reading ability is comparable to 2nd grade. Math is at par with 1st grade."
14,1,0.9035,2609055,1431006,34,PLEASE UNDERSTAND THAT ANYONE CAN POST A REVIEW AND STATE THEY ARE A PARENT. THIS SCHOOL IS DISGUSTINGLY INADEQUATE. DO NOT BELIEVE ANY OF THE POSITIVE REVIEWS. THEY ARE LIKELY POSTED BY SCHOOL EMPLOYEES.
14,2,0.9001,1300460,1526902,34,These reviews are crafted. This school is just as terrible now as it was 6 years ago. Do not move into this school district. Demand better for your children. The principal is a joke.
14,3,0.8936,5102687,1324116,37,"I just have to laugh at the ""positive"" current reviews for this school. Either those parents haven't had any interaction or needed any help from the principal or it is the principal himself leaving the positive reviews."
14,4,0.8925,4810201,1422678,104,I have had 5 of my 7 children come through this school. My youngest is in 3rd now. I have no idea where these other reviews came from. The teachers have been great for all o my kids. The principal listened to us in the 2 meetings we've had with her. She is professional and has common sense. The teachers communicate through email and phone calls if there is ever an issue. It seems that some of the other parents that rated this school had a chip ion their shoulder about something. Come visit for yourself and talk with these teachers and administrators yourself.
14,5,0.892,3605433,1492741,33,"The few positive reviews are done my the administration of this school. If you like throwing your money away and ensure your kids are behind in education, this is the place to be."
15,1,0.9043,3702843,1740744,28,"Teachers are amazing, facility is beautiful. Terrible leadership. The principal is not personable, not kid friendly, all business. Apparently she's been there forever -clearly time for a change."
15,2,0.8943,100149,1270711,36,I agree with the parents describing the Principal as terrible. She and the School are both hopelessly inadequate. They are a diservice to the children and the community. Leadership is everything and this school has none!
15,3,0.8922,3602315,4309218,48,"This school is the worse, an what makes it bad, is the principal. Her leadership is questionable and it trickles down to the performance of the school. She needs to be replaced with someone more experienced and relatable to issues, children's performance and future, and more emotionally balanced."
15,4,0.8919,2200489,1328237,57,"This school has very poor leadership. The principal isn't an expert on curriculum nor is she the head of discipline. Instead, she runs the school like a landlord handling the business side of things and bullies teachers into doing what she wants. Parents are not invited to many events, and she unprofessionally gossips about parents and staff."
15,5,0.8918,1206374,4156646,55,"The school, especially the teachers, are amazing. Most of the administration is GREAT! However, in our experience, the principal that came on in 2017 and is still there is just creating a negative atmosphere. She seems to have no time for parents or concerns and has been condescending in every interaction we've had with her."
16,1,0.8913,1700438,1584302,35,This school is average school with above average resources. Some of the teachers show racial favoritism. If parents and kids voice opinion they will be met with consequences. Our kid who is bright became unhappy.
16,2,0.882,1800300,3674497,60,My experience at this school had its high moments but also very low moments where my child experienced racism and it was just blown over by the so called principal and office staff. If you are black please keep your children out of this school. Save yourself the trouble and enroll them in a school where they will treated equally.
16,3,0.873,3703377,1291037,41,"This is the first year my daughter attended this school. They have a high turnover in teachers. However, they provide tutoring for students with school work. The school has no control over racism and would be very uncomfortable for any minority."
16,4,0.8729,5101006,403859,116,"I am horrified to read the review which labeled this school and teachers as racists! I am parent of one non-white kid studying there for four year now. My child has done extremely well both academically and socially. Apart from an unruly kid case in 1st grade, there have been 0 instances of bullying or mistreatment. There is a great bit of parent volunteering and involvement. However, it's all free labor and to the benefit of all children. Their children might be benefiting a bit in terms of social comfort level in school, however, I do not believe that they get free ride academically. Both my child and I absolutely love this school and the teachers."
16,5,0.8715,403049,1113645,45,This school is horrible. racism is openly expressed and teachers and the principal do nothing.They even knew a teacher was acting inappropriate with the male students for an entire year before they removed the teacher. I removed both of my children after only one year!
17,1,0.9558,901789,1336116,30,"I love this school. The teachers are amazing! My son loves going to school. His education is well rounded and he is becoming a responsible, conscientious and caring young person."
17,2,0.9539,5500987,2546306,14,I love this school. They teachers are wonderful and my child is very happy!!!
17,3,0.9529,1000140,1541064,16,Love this school. Both my kids go to it and the teachers and staff are wonderful.
17,4,0.9525,624154,1049353,19,"I love this school. The teachers are so friendly, nice and caring. My child loves going to this school"
17,5,0.9513,3800479,1572708,21,"My children attend this school and we love it. The teachers are amazing, nice and accomidating. We are very happy here."
18,1,0.8939,1701530,1498310,73,This school doesn't support children with special needs. I have two children who has special needs. Its not evident of their disability visually. We have been bullied and disrespected at for 10 years by principal and assistant principle. Please if you have special needs kids don't leave them in the hands of Roosevelt. They don't care for parent involvement only only when they want you around. This school is nice nasty. Zero rating.
18,2,0.8857,2200263,5321829,25,This school does not work well with special needs children. Their only goal is to maintain high scores. Those who are differnet are kicked out.
18,3,0.88,3904281,3854536,86,Two of my children have now attended this school. One with a disability and without. It’s craxy to see the difference in treatment. The special Ed teachers are amazing! The treated my son wonderfully. However my other son was bullied by his peers constantly as a result of the treatment he receive from One of his teachers. Communication was virtually impossible and we were lied to constantly to try and keep us happy. I do not recommend sending your child here if you can avoid it.
18,4,0.8784,4501466,1229092,32,"This school is not equipped to handle kids that have special needs. They failed my son. I had to quit my job and homeschool him to keep him successful, happy and learning."
18,5,0.8779,4820470,1472795,61,This school used to be great. It is not anymore. New leadership team lack certification training and knowledge. The discipline has gone. They do not know regulations and laws for special education. If your child has a disability do not send them here. They do not educate every child as the proclaim. They drive the ones they don't want anymore away.
19,1,0.8986,2100533,1302545,33,"This school is wonderful. The teachers are highly trained and care about the whole child, not just test scores. My child's reading ability and number sense have sky rocketed since entering this school."
19,2,0.8937,3605614,2590644,34,My daughter has had a wonderful experience at this school. The teachers are dedicated to each and every child. The test scores far surpass other local schools. It Is a home away from home
19,3,0.8931,1801177,1344618,29,This school has a great staff that continually goes above and beyond what is expected. They try to educate and support the whole child not just a test score.
19,4,0.8763,1900993,3133985,32,This school has changed in the last 5 years. Their test scores are on the rise. They educate the WHOLE child. Other schools come to visit to see how they do things.
19,5,0.8761,4101096,1135786,41,"This school is filled with great teachers who are passionate about giving their kids every possible opportunity to learn. We have some weak spots in their test scores, but we're working hard to support those areas and help every child succeed."
20,1,0.9009,608155,1201034,194,"It is disheartening to read some of the reviews and irresponsible for parents who are bitter for their own personal reasons to write nasty commentary anonymously. The post on 2/10/12 insults the ""Catholic School System"". This school follows the values of Christian leadership. The children pray and learn about the Catholic Faith together. The pastor teaches the children in an inviting way at mass so the children are engaged. I cannot figure out why certain parents who are not Catholic enroll their child in school and then become angry when the school will not change Canon law. Another review cuts down the teachers and mentions how wonderful the principal is at the school next door. How it that recognized after only a 15 minute interview at the other school? The teachers at IHM are excellent and they honestly care about the children while making learning a great experience. The Resource Teacher is amazing and the children look forward to her lessons because of her kind manner and teaching ability. The other teachers/faculty probably average about 15 years there. Lastly, the principal is thoughtful and positive. The school's curriculum and discipline are first and foremost."
20,2,0.8922,608397,1122939,176,"My kids have been there for four years, the teaching in the school is O.K., not necessarily the best, major improvements still needed. I must give credit to Mr. Harris, the principal for implementing some changes but more has to be done. He faces opposition from parents that don't agree with his ideas and others who help the school financially. Needless to say the school needs the support of the financially wealthy that send their kids there. Unfortunately, most kids (not all) in the school are very snobbish; they tend to be mean to others that don t hold up to their social economic status. Their attitudes are reflective of their parents . Just like you have the the girls cliques at school you also have the parent cliques . On non-uniform days it s a show-off of brand name attire. It s sad to see that the catholic education one is paying for is implemented mostly in class and mass, other than that, those principals are only carried on by a few not the majority."
20,3,0.8922,1203255,1212703,118,"They offer a good curriculum and some might say the tuition is high, but catholic school tuition it is probably the lowest of any private school in the area. I think they are trying to weed out some of the unfavorable teachers but I question how some can still remain. I think they should look into the bullying in this school more as it seems to be higher than it should. It seems like some grades get along really well and others have alot of drama and many issues. New leadership in the last few years is making attempts to improve. Their religious education is great. For us we felt it better to send my child somewhere else."
20,4,0.8907,3604914,2438763,150,"This is a horrible school. In the past few years things have changed dramatically --for the worst! especially in the middle school ( grades 5-8). The children are constantly being threatened with demerits and detention. The teachers do not seem to care about the students and quite often speak to them with unkind words which in unacceptable for a Catholic school. Also, the ""favoritism"" that the teachers and faculty show certain students is unbelievable. These same favorite students are usually hand picked by the teachers to read in class, participate in Mass and have their photos posted on the school website! Many families have stopped attending school functions and fundraisers due to their lack of enthusiasm about the school. Theses past few years there has also been a mass exit of this school due to it being the principal's way or no way. Run!!! don't walk away from this school"
20,5,0.8902,607840,1167407,157,"We tried this school thinking that a private Catholic school would be good for our child. When most people think of Catholic school they expect a focus on education, spirituality, modesty and good behavior. What we found out was something entirely different. The kids seem to have a lot of fun with all the extracurricular activities and parties but there is very little focus on the basics like math, reading, science and more focus on art. Academic curriculum is not challenging and shows in low ITBS scores. Their idea of teaching good behavior is holding kids back a grade so they are more mature or in some cases belittling the children who misbehave. Staff is unfriendly and snobby unless you happen to be one of the richer parents. The teachers also play favorites to the students of parents who contribute more. Their acceptance practices seem inconsistent often breaking up siblings or putting children in the wrong grade."
21,1,0.9224,2001209,1176436,31,The teachers at this school are great and really care for the students. The principal also provides great leadership and takes the time to get to know each of the students.
21,2,0.9195,5301237,2824684,13,The principal is amazing who cares for each student. Teachers are also great!
21,3,0.9163,2600068,3662650,23,I love the principal and all the teachers my children have had. The teachers are very helpful when it comes to the children.
21,4,0.9143,405612,2222467,26,Great teachers great one on one with the kids. Principal is very easy to deal with and the children all feel very welcomed at this school.
21,5,0.9138,3200683,2425656,25,"The principal, teachers and staff are great! They are caring, supportive and focused on academics. This school has been a good fit for our daughter."
22,1,0.9219,609312,1055333,105,"CCS is a great school! Staff is encouraging and willing to see my child for the INDIVIDUAL that she is. I appreciate that they are open to parent input and react quickly. Teacher quality has greatly improved in the last few years with many teachers holding their credentials and some even having a Master's degree. This school is very involved in embracing Christian values such as God, country, and family. The school is positive and embracing without being ""preachy"". I love this school and encourage the administration to keep up the positive changes and hope that the great new teachers make CCS their permanent home."
22,2,0.911,900196,2331546,52,"CCS is a great school! We have had nothing but positive experiences since our child started there in Kindergarten. The teachers are phenomenal, class sizes are small, and instruction is personalized to our child's developmental and academic level. I cannot say enough good about our experience so far. Let's hope it continues!"
22,3,0.909,609303,1548096,58,"Our son has been at CCS going on 2 years and my wife and I feel that the school is a huge blessing. Our son is learning the essentials, as well as good morals on a Christian level, which is a big bonus for us. The teachers are very involved and the culture at the school is amazing!"
22,4,0.909,1302158,1147137,38,"Our children have been attending CCS for 6 years and we couldn't be happier with their progression as students and individuals. Our children are getting a wonderful education in a loving, Christian environment. I highly recommend this school."
22,5,0.9088,5102433,1539477,72,"CCS is a wonderful school. Our kids are in elementary right now but have been at CCS since they were three yrs old. We love all the caring teachers that give 100% to each child. Not only do they get a great education, they also get to learn about Jesus. My kids also love the extended day program lead by Mrs. Adams. There is no other place I'd rather have my kids."
23,1,0.8782,5502675,1408008,99,"This school is terrible. They put more emphasis on uniform policies than the dress code. They let my child sit all day in the office and miss class because he didn't have a belt on. They did this big movement to promote the fact that ""We teach a grade above grade level."" But they transitioned after not teaching the kids anything for years and a lot of the kids failed. I'm an extremely frustrated parent. The teachers have NO PASSION and creativity for teaching. They need to revamp their whole system. Very unhappy, I removed both of my kids."
23,2,0.8692,4804826,1142400,59,i feel that this school is to petty on there dress codes and needs to focus more on academics..since they seem to want to be so strict on wat the kids r wearing y not go to school uniforms like most schools are doing..to much focus on wat the kids are wearing than wat and how they are learning!
23,3,0.8674,4702484,1495605,100,"My child has attended this school since 2nd grade. The elementary school is great with a outstanding principal, the middle school is so unorganized with little or no communication with parents. Some of the teachers are so unprofessional and have issues with each other over things outside of the classroom. Teacher should have a dress code (uniform) just like the students because I have seen some dress very inappropriate for there profession. The new principal can not control the students and is very unconcerned with what is going on.I'm glad this will be my childs last year at this school."
23,4,0.8664,604373,1227311,220,"I am not very pleased with this school. My daughter went there for three years and my son for the 9th grade and he will not be returning. Teachers don't communicate with parents if kids are having problems or failing, not all the teachers keep the infinite campus tool up do date or even put grades in it at all. This is a great tool for parents if teachers would just use it properly. The classroom sizes are too large these days and students don't get the proper attention they need. If your child is not a genius and tracking with every assignment, they will be left behind or just passed with a ""D"" so they're not left behind. Why do schools put out dress codes if no one at the school enforces them? I did my part in making sure my daughter left the house in appropriate attire, but she was able to change at school into short shorts and never got sent home and I never got a call or email about it. This is probably just one of the schools that is conforming to this world and just accepting everything just so no one has to put their foot down and stand up for what is right for these kids whether the kids like it or not."
23,5,0.8655,2100392,1248547,111,"TK used to an okay school, but it has changed a lot since I have left and gone to the high school. My little sister goes here and is always telling me how bad it's gotten. The dress code has gotten unreasonable, girls can't carry purses because boys can't, no hole in pants even with something under it and just other unreasonable things. Teachers show a lot of favoritism towards the more ""popular"" students. After the old vice principal left its not the same. This school needs to show every child here respect and care more about the education and the bullying that's going on, not minor problems in dress code!"
24,1,0.91,2900737,3283231,92,"I currently have two children at this school. Both of my children are above grade level academically. Teachers here have advocated for and worked with my children to get one into the gifted program, and to provide the other with more challenging homework. Teachers/staff here communicate with candor and we have good relationships with them. Ultimately, parent involvement (conferences, fundraising events, awards ceremonies, etc.) has been the only area that is somewhat lacking, and this will be key for future success, especially because this is a small school. Overall, a good school."
24,2,0.8991,5102030,1050795,34,"This school has done more to challenge our bright child than his previous ""gifted"" school ever did. Worth every penny. Great teachers and the students come from nice families. Kids are happy and engaged."
24,3,0.8964,3602682,1325427,121,If you haven't experienced other schools out there you might be fooled to think that this school has anything to offer for your precious child. This is one of those typical goverment school that is dumbing down our kids. Everything is done by the books and what they are told to do. I had my daughter in gifted class here and you would think you are getting the best but not until you ask around and find out what other schools are doing. How they actually find creative ways to teach their students to expand their knowledge and take time to engage with parents in lots and lots of fun activities. I'm just beeing honest there's nothing positive about this school.
24,4,0.8959,1213780,1316281,126,This school is great. Had a rough teacher the first half of the year who wasn't very cooperative with my sons 504 plan. The principal easily moved my child to another teacher. However.. if your child is not gifted then they will be in with the pool of kids that could be really bad or really good. Gifted program is completely exclusive from the rest of the kids. My child is avg and tries hard but did not qualify. I was told they are trying to rectify this issue and realize that making it so exclusive actually did more harm than good for the rest of the children. Otherwise.. GREAT people trying hard. Keep in mind...it's still a public school and ALL that comes with that.
24,5,0.8851,602396,1232444,132,Great School! My son started attending when he was in the first grade and is now entering the 6th grade next week. He has flourished at this school and has done well. The only complaint for my particular situation is that they don't really have many accomodations for students that are in the gifted program and need to be skipped a grade. My son was getting homework that was super easy and not challenging at all but all the other kids thought the homework was too much or it was hard. I talked to several teachers in regards to giving him more challenging work or letting him go to another classroom for math so he can get a challenge but my son was never accomodated. Other than that this school is great.
25,1,0.9166,1704447,2045858,64,"This is an academically challenging school that has so much spirit. The administration is committed to this school, its mission and each student. My daughter is a sophomore and loves her school. I have had other children attend other high schools and have not been nearly as impressed. The IB program is amazing. Teacher connect with students, something for every girl at this school."
25,2,0.9096,4811598,3206783,64,"This is our first year at the school and we love it. Son in Grade 11 and daughter in Grade 8. The teachers are inspiring, the administration is supportive and efficient, the students are diverse and awesome, the parents are great fun. The IB program is challenging and with the teaching, support and individual attention both my kids are doing well! Great community spirit."
25,3,0.9053,1701652,2143073,54,This is a great school. I have two children who attend this school. The IB curriculum is awesome and as a result children receive a well-rounded education that prepares them for middle-school and high school. My only concern are the handful of children will behavioral issues and lack of parental involvement from some parents.
25,4,0.9008,5302044,1396217,46,This school has been great so far! The IB program my daughter is involved in is wonderful. The school is more intimate and has a family feel. There are still plenty of opportunities for variety but it does not seem to be overwhelming to my student.
25,5,0.9003,2601439,949270,11,My kids love this school and the IB curriculum is fantastic!
26,1,0.8827,402495,1560860,59,Both of our children went through this school and had a wonderful experience. They are in high school now and of course are excelling in honors and AP classes there. My wife and I highly recommend the school to people all the time. The high standards they have for teachers and staff there is obvious because they are wonderful.
26,2,0.8797,802004,5365781,59,"This school far exceeds our expectations. The principal, teachers, and staff have all been quick with correspondence and pleasant. There are so many clubs available making it easy for kids to find their niche and their people. Lots of assistance for kids struggling and rigorous challenging AP classes for the excelling students. It's always clean and a welcoming place."
26,3,0.8756,3501974,1806763,71,"This school offers a ton of AP courses and allows the students to be challenged. My daughter as a Senior chose to take 2 AP courses as electives and was challenged. She is now in college and thriving while others she knows who didn't challenge themselves find college extremely hard. The teachers are great, the coaches are great, the school spirit is wonderful and I have a sophomore there right now."
26,4,0.8732,4810176,1511402,63,"I love this school. Its kind of huge, but the students mostly get along well. The principals try to know their students and the teacher keep getting better. The AP classes are excellent. Its still high school, so it can be a drag, but i wouldn't want to be anywhere else. At my last school, the teachers didn't even care if you failed."
26,5,0.8692,2300016,4940961,23,This school thoroughly prepares your student for college with a wealth of AP and honors classes. Teachers are what make these classes great.
27,1,0.8937,804047,5684103,54,Not a good school for kids that have IEP's. My child is struggling and most of his teachers are unwilling to meet him where he is and try to help him. We keep getting told that they have no idea what he needs and he needs to be more responsible and advocate for himself.
27,2,0.8882,604367,4181520,24,My child has an IEP and got the best help from this school. This school is very attentive to the kids and their families
27,3,0.8869,2903293,4915515,75,"Does not follow IEP’s. Poor communication with parents. Had high hopes for this school since at the new family welcome a few years ago the principal stated he has compassion for kiddos who are different or struggle with traditional learning. Turns out those kiddos fall more behind and deeper into the cracks at this school. Completely unacceptable. If you can avoid sending your kiddos here, I definitely would avoid it. Worst school in the district."
27,4,0.8865,1205133,1220099,70,"Students with IEP's are set up to fail. This school only focuses on kids who do well. I dont feel my child is getting the proper education that she needs. So glad my child is not going here this year. Kids are mean, always fights at school, no discipline. Guidance and staff are not there for kids. If you want your child to succeed this isnt the school for them."
27,5,0.884,4201420,1454748,137,"I have to say, the previous post had me concerned, being that I too have a child with an IEP. Don't let it corrupt your judgement. This is our first year at this school, and I am so happy that I made the move to send them here. Over the years, my Husband and I have sat through many IEP meetings..although they were mostly good ones, we never felt the level of care and concern that we did from all of the teachers and staff at Worrall. The level of communication and team work that they showed to us really blew us away! The programs and services are unbelievable. We also have a child in a regular ed classroom...and we are just as happy and impressed!! Most importantly- the kids love it here. Couldn't ask for more."
28,1,0.9105,2500297,1589247,30,I agree that the rating for this school is suprisingly low. My daughter goes to this school and we have had a positive experience with the new principal and teachers.
28,2,0.9049,1213590,1375429,28,My son has been pleased with this school so far. I was told that the rating here was no accurate because of the changes the school made recently.
28,3,0.8953,2400770,4091031,37,"I don't know why the rating of this school is so low. Our children have done phenomenally here, the teachers are amazing, as well as the administration and the facility. Other parents agree - talk to them!"
28,4,0.8943,3900200,5304463,29,This is more than what I see in rating. This is an outstanding school with its fantastic teachers and staff. My kids are enrolled here since three years now.
28,5,0.8925,3606509,5268333,63,"I don't know why this school has such good ratings. It has been a total disappointment for my son. He has barely learned anything. The teachers mean well but the curriculum is not challenging, they barely give homework, the art, music and dance classes are all uninspired. The climate is depressing. Kids curse at each other freely. Avoid this school if you can."
29,1,0.9152,3607824,954674,18,This school takes incredible care of special needs children. Their staff helps our children come a long way!
29,2,0.9084,5100884,1734375,44,This is a great school for Special needs children.The Principal and staff are great. They are all passionate about their roles in these children's lives. they are very attentive and assist with behavior issues. My son has clearly elevated and he is only 6.
29,3,0.9051,1205350,949223,39,My child is special needs. They have met and continue to meet her needs every year that she has been there. The staff is wonderful. The teachers are the best! Two thumbs up from me. I love this school.
29,4,0.904,3607824,865165,14,Great school for special needs kids The staff is great with all the kids.
29,5,0.9039,3606472,2299650,43,I have two sons that have come up through this school. The school is excellent in working with special needs kids. The school worked with us to get additional educators (paras) to be in the classroom to help keep our kids on task.
30,1,0.8908,4802606,5640681,22,"i loved going to this school, i learned so much, the staff and the teachers were amazing back a few years ago."
30,2,0.8859,607074,1416171,19,The school was amazing and i wish I could stay there forever. The teachers were amazing and very helpful.
30,3,0.8845,1500020,1348378,35,I went to this school from 1st to 3rd grade (1958 - 1961) and have many happy memories of being there. I moved from the old school to the new one when it was completed.
30,4,0.8811,602228,1655434,18,I attended this school and I had great teachers and I have the best memories from this school!!
30,5,0.8768,4500855,1701259,19,The teachers was wonderful when I went there back in the middle of the 80s. I loved this school
31,1,0.9191,1802122,1043016,59,"I love this school for my Catholic kids. I keeps to traditional doctrine, morals and values. the teachers always exert 110%, by challenging the students to learn. the principal, home and school assoc., and church make all the best efforts to improve the quality of the school. the school offers extensive opportunities for parent involvement. great academic scores always."
31,2,0.9172,1802111,5641138,40,This is an excellent school with great academics and an uplifting Catholic environment. There is nothing more important to us than imparting our rich Catholic tradition down to our children. We are blessed to be a part of this community!
31,3,0.9148,2604228,1567229,57,"This school is amazing! It is well rounded offering a quality education while implenting the Catholic faith into everyday life. From sports, to curriculum, this school goes above and beyond! We love the family atmosphere, appropriate class sizes and amazing teachers and staff. Im so glad to have a place where I feel my child will excel."
31,4,0.91,3200669,1428461,61,"This is a great Catholic school. Curriculum is strong and my child has thrived. Students are very welcoming and courteous to their peers. Teachers and the administration are very professional and caring and make an obvious effort to educate and enrich their students lives. Community is welcoming to new families. Campus is very secure, clean and conducive to a learning environment."
31,5,0.9099,5502756,2166200,39,"This school was the best choice for our children when we moved here. They were able to learn in a disciplined atmosphere, received individual attention, take college classes and be prepared for college upon graduation. A wonderful Catholic education!"
32,1,0.9029,613147,5205954,142,"My two children are having a fantastic experience at Oakwood. My daughter started in Kindergarten and my son started later in elementary school. We were welcomed to the school by buddy families in each grade and the administration made an effort to really get to know both kids and make them feel welcome and secure. Both kids are happy to go to school every day. They feel that Oakwood makes learning really engaging and interesting. The academics are appropriately challenging and art and science are integrated into homeroom subjects, which gives kids many ways to learn and express their understanding. The school is very communicative at all levels - the administration, teachers and parent organization. Oakwood has a very strong sense of community, and we have made wonderful friends at Oakwood. We are so happy every day that we chose this school."
32,2,0.8893,3400129,1316874,46,Oak Street has been a wonderful experience for my son. The teachers and staff are exceptional and dedicated. They make learning fun while challenging their students. Academic issues and parent concerns are addressed immediately. We could not expect more from any school and are so pleased.
32,3,0.887,3702615,1425992,72,"I have two children at The Oakwood School and am very happy with their experiences. The teachers make an effort to get to know their students and help them reach their full potentials. Every year the program offerings, campus, staff and extracurriculars are improving and growing. Character development and learning to love learning are emphasized as well as community service. No school is perfect but this is the best option for us."
32,4,0.8866,4701362,2795989,51,This is our second year at Oak. We love this school! They have a lot of clubs and activities for the kids as well as providing a great educational experience. There are also a lot of community involvement activities as well. It's like we are all part of one big family!
32,5,0.8855,4900282,1622962,23,Oakridge has been a very positive experience for our children! We have had excellent teachers. I would highly recommend this great neighborhood school.
33,1,0.8661,3618386,4837444,74,"Mi experiencia en esta escuela es muy buena en el campo de la education, los maestros,el personal y todos los de la escuela son muy amables .MI hija lleva 4 años en esta escuela y ella esta muy contenta de la manera de enseñar de los profesores. Les recomiendo a esta escuela es super buena en la educacion y los programas que la escuela y Ms. Anya ofrecen para todos los niños y niñas."
33,2,0.8657,605802,3941918,68,"Es una escuela que trabaja duro para mantener el enfoque del aprendizaje de los estudiantes también es una gran oportunidad para los niños aprender otros idiomas que les serán útiles en su futuro, ademas a los padres nos dan la oportunidad de involucrarnos más en la educación de nuestros hijos y es una escuela que te trata con respeto. La directora y los maestros son un gran equipo."
33,3,0.8642,602662,1249697,88,"en mi opini n es una escuela k ha progresado mucho y les agradezco a todos los maestros por cumplir con su labor, y ademas de ser profesionales tratan de ser amigos con los alumnos,,,mi hija esta encantada y por supuesto si mi hija esta contenta con los maestros yo tambi n..apoyo al principal en todo x sus conocimientos e inteligencia que a aportado a la escuela de nuestros ninos y por supuesto de nosotros tambi n como padres...gracias y felicidades al todo el equipo de miramonte school.."
33,4,0.8555,603871,1243237,48,"Me encanta la escuela, es exelente mi hija esta muy contenta y esta aprendiendo mucho, los maestros son muy lindos, nos tienen informados todo el tiempo, la seguridad exelente..estoy muy satisfecha con la escuela y feliz de haber encontrado el lugar perfecto para la educacion de mi hija.."
33,5,0.8541,625146,1404262,67,Me encanta la escuela. Los maestros le ponen mucha atencion a cada uno de sus alumnos y los motivan para que le echen ganas al estudio. Ademas el personal de la Oficina es muy amable y nos hacen sentir como en familia. Estoy muy contenta con la escuela creo que es una de las mejores decisiones que hemos tomado en cuanto a la educacion de nuestra hija.
34,1,0.8812,1800214,4426007,57,"This school definitely prepared my child for college but I saw way too many cases of non athletes. Being treated unfairly and treated as second class citizens.I have also seen children of coaches and teachers get away with anything at this school i.e. bullying, smoking jewels, blatant disrespect, etc... but nothing is done b/c daddybis a coach..."
34,2,0.8717,2901468,1311793,50,"If you care about academics, don't send your children to this school The school administrators are inept, the teachers uncaring, and the students small-minded. Really, they just want to move the students through, keep up their sports programs, and keep everyone close to home. Not a good school at all."
34,3,0.868,2601956,1096215,72,"I have mixed feelings about this school, the teachers do play favorites and if a student is not in sports, they are treated differently, and not for the better. Serious attention needs to be given to the attitudes of the teachers and staff. Just because a person is not in sports does not mean they will not be a good student. And if a student is struggling, they need help, not ridicule..."
34,4,0.8552,5100506,5540868,198,"This school looks good from the outside and that's all there is. It's a travesty. Bullying goes on and on and on. Drugs, fights and nothing but talk from the administrators. Certain kids get away with anything but if one kid is a certain type, nothing will ever come their way. Not to speak of the corrupt sports teams where the same kind of kids make it. Rejection after rejection and again the administrators and so called coaches have excuses. You ask something, they are fake hurt and vehemently defend their nepotistic way. It's a chaotic school that screams Hawk pride while feeding on their young. Worst school by far. Blatant disregard of any kind of fairness while they claim to be so inclusive. An honor student goes to C- yet they advertise their academic programs that fail to address even the most basics in education. An outgoing kid is beaten into submission and anxiety with teachers standing by high fiving the perpetrators. An always athletic kid can't make any of the teams. The disconnect between their always empty words and slogans and propaganda and the reality of projecting fear, disregard, disrespect and exclusion is deafening and scary."
34,5,0.8549,5103263,1255567,192,"I've had several children attend this school so far because of zoning, and every one of them has complained about the lack of attention that teachers, guidance, and administrators give. The sports program is an absolute joke. The coaches claim they have backgrounds in the sport, yet, when I attended reward ceremonies, some of the ""coaches"" admitted that they did not know a thing about the sport in which they were supposed to coach. The football and baseball coaches are obviously oblivious as to how to teach and train athletes. Unless you ve had some experience in football or baseball elsewhere, don t expect your child to learn anything from these guys. The academics is another fiasco. Students are pigeon-holed into programs and classes without any flexibility. It's virtually impossible to get any satisfaction during any parent-teacher conference because the teachers all come with an attitude that they know better than the parent how the child behaves. This is the worst public school in the area, and I would not be surprised if it was not the worst in the entire country. I will not send any more children to this school."
35,1,0.8943,2401017,5523370,103,The teachers at this school have all been communicative and wonderful to work with. Covid made for a tough couple of years in school and between virtual and in-person transition my child has felt supported and has been successful. Class sizes are reasonable and the overall size of the school is effective for the administration to get to know the students. They have a wonderful PTA and there is a good sense of community. I feel that my child is safe and learning in a wonderful environment every day. My child can't wait for school to begin every fall thanks to Cloverly staff!
35,2,0.8922,1000071,5276795,87,"This school has been excellent for our son. The administration and teachers sincerely care about the welfare of the children despite the COVID challenges. You can reach out to anyone and get constructive feedback on short notice. They are great at managing disruptions in the classroom, and making sure all students are engaged. The staff seen to be a bit weary trying to manage through the COVID pandemic, but at no time have they let down their guard. I would highly recommend this school to other parents."
35,3,0.8902,611807,5627519,60,"Overall, this is a great school. There have been some new challenges post covid, but the school and staff are transparent and communicate quickly. I have not had any issues with staff and neither has my child. Staff and teachers are always available and I, for one, appreciate their dedication to trying to keep a safe environment for our students."
35,4,0.8839,3608462,4729994,38,"Incredibly impressed with the way the school has handled Covid. 5 days in person, keeping things as normal as possible, has been AMAZING. Faculty and staff have been going above and beyond for these kids, and it shows."
35,5,0.8763,2400893,5394276,97,"We’ve been so impressed with this excellent school! Our daughter has attended kindergarten and first grade here, and her teachers have been first-rate, encouraging her to learn and grow above her grade level, inspiring a love of learning, and also helping her grow socially. She’s made many wonderful friends as well. The school handled the challenges of COVID-19 very effectively- ensuring safety while minimizing impact on the kids education. The principal and administrators are helpful, professional and loved by the students. Truly it’s hard to imagine a better school, we feel so lucky to have found it."
36,1,0.8942,5400528,1186785,90,"I have nothing but good to say about New Creek School. My eldest is now in Middle School and I was happy with all of his teachers, parent involvement, and staff. The community goes out of their way to help at New Creek. My youngest is a First Grader and enjoys going to school. I am thankful for the smaller schools. The principal, teachers and staff always give their best. Plenty of fun activities the keep the children excited about learning. Thanks to all those that make New Creek great."
36,2,0.8941,3901985,1068774,54,Rock Creek Elementary is an amazing school. The staff members genuinely care about their students and work hard to challenge and support them. My child loves learning and is excited to go to school everyday. The leadership in the building is strong and the office staff is great! I'm very please with Rock Creek!
36,3,0.8913,1600439,5627292,47,"My son is in kindergarten this year at Mill Creek and LOVES it. The teachers, principal and staff create a positive, uplifting and rewarding environment for students. There is great parent involvement and support for this school. We are grateful our son gets to attend Mill Creek!"
36,4,0.8873,1202313,3531879,31,I have had children in Limestone Creek for a total of 10 years. Always excellent and attentive teachers. I am so pleased with this school and the attention placed on character.
36,5,0.8853,1302595,5527925,66,"I've had two kids at Creek View Elementary and the experience has been nothing less than stellar. My daughter is currently enrolled there and she is happy, is advancing well and loves her teachers. The school staff is extremely friendly and the children and parents are all a pleasure to be around. I couldn't ask for a better school and environment to raise my kids in."
37,1,0.9146,3711227,1583440,37,"Great school, administrators and dedicated teachers! Small class size allows flexibility allowing students to thrive! Emphasis is on well-rounded, integrated learning environment that takes the whole child into consideration. One of the best schools in the area!"
37,2,0.9103,1802459,1474421,46,"I very much like this school! Small class sizes allow for more personal teaching for each student. Very good when it comes to dealing with behavior issues, dealt with promptly, and fairly. Very easy to communicate with teachers through e-mail, phone calls, or face to face!"
37,3,0.9098,607341,2721523,49,My children have had an amazing experience at this school. The small class sizes ensures that my children are receiving an educational experience that is specific to them. The teachers are encouraging and the administration is present and approachable for concerns and compliments. It really is an amazing school!
37,4,0.9091,400745,1884585,35,Love the small class sizes and focus on academics! The teachers are all highly trained and the administrators are quick to respond to questions or concerns. Our daughter is doing very well at this school.
37,5,0.9079,3601549,2166559,16,Small class sizes and the teachers are very engaged with the students. Its a wonderful school
38,1,0.9336,4000538,3746406,11,5 stars. This school is excellent including all teachers and staff.
38,2,0.9225,1200277,2798540,14,5 stars. It is an awesome school with very nice teachers and friendly students.
38,3,0.9206,1301087,3134026,25,5 stars! I love this school. They really care for the kids and take the time to teach them. Open communication with parents sometimes daily.
38,4,0.9126,602150,4511777,16,I would rate it 5 stars. The teachers are wonderful. The school has high academic standards.
38,5,0.9061,5100332,3677849,18,I would rate this school with 5 stars I absolutely love this school and the teachers are amazing!
39,1,0.8872,5102689,1447210,68,"This is a great school in a great community. As a military family, we move around a bit, and we definitely feel that this school compares favorably with other schools we have experienced. There is a new principal who has had a very positive effect on the school as a whole and I can't say enough about the teachers, staff, and quality of education our children are receiving."
39,2,0.8868,3100923,5063381,42,Three of my children have gone to this school in the past 3 years. We are a military family and are so impressed with the level of care and attention the staff gives our children. Great school and district to be in.
39,3,0.8838,1201050,4973990,34,This is an amazing school with a family feel. They have so much support and understanding for military families. The teachers care and do their best to help the children grow academically and personally.
39,4,0.8837,5301437,1397997,105,"Being a military family, my son has been to 4 schools in his 5 years of education. This school has been the best by far. The environment is friendly and positive. The staff is inviting and encouraging. They do a great job of communicating with families and have already had several events. The principal is easy to talk to an is very knowledgeable. I know that my child is well taken care of during the day and is engaged in learning. This is so important especially to an overprotective mom with a background in education. I am very pleased with this school and it's staff."
39,5,0.8831,1000024,4115371,144,"My overall experience with this school amongst other schools in the area has been horrible from the beginning. Had I known that my daughters would have each received horrible experiences in not only dealing with the students in their schools, but with teachers/faculty as well, I would have enrolled them in a different school system all together. I have too many instances to type on here. But, I will tell you this, you will become very disappointed in this school district and the everyday shenanigans that go on through out these schools that the teachers and faculty allow other students to get away with will forever leave an impression on your child. This is by far the worst school district that I have enrolled my children in and I can assure you that being a military family, my children have attended many different schools."
