feature,importance,std,direction,signed_importance,ci_low,ci_high
"topic_4 (ap, classes, ap classes)",0.07563753996852492,0.0027739476125377876,1.0,0.07563753996852492,0.07365317738704615,0.07762190255000369
"topic_8 (ib, ib program, program)",0.05442643893029181,0.0022798782897177237,1.0,0.05442643893029181,0.05279551225092935,0.05605736560965427
"topic_0 (great, great school, love)",0.0460312111537494,0.0008905380919949286,-1.0,-0.0460312111537494,-0.04666826372790365,-0.04539415857959515
"topic_70 (small, small town, small school)",0.037186558483962365,0.001559217607677568,-1.0,-0.037186558483962365,-0.03830195556755313,-0.0360711614003716
"topic_18 (high, high school, school)",0.03557921928420375,0.0010898288509243398,1.0,0.03557921928420375,0.03479960268934969,0.03635883587905782
"topic_14 (sports, great, great school)",0.0334093038336308,0.0007289266872434097,1.0,0.0334093038336308,0.032887861093952024,0.03393074657330957
"topic_5 (graduated, loved, experience)",0.03216937957323399,0.0009030079756567073,1.0,0.03216937957323399,0.03152340658168542,0.03281535256478257
"topic_2 (staff, teachers, great)",0.03199795558234646,0.0006294538712531174,-1.0,-0.03199795558234646,-0.03244823975614847,-0.03154767140854445
"topic_6 (band, arts, music)",0.03150867080385824,0.0009826852946410681,1.0,0.03150867080385824,0.030805700091923564,0.032211641515792915
"topic_27 (district, school district, great)",0.024414555971414377,0.0009902002735253889,1.0,0.024414555971414377,0.023706209367436448,0.025122902575392306
"topic_47 (send, child, send child)",0.024020292843020707,0.0006307516605994076,-1.0,-0.024020292843020707,-0.024471505399394106,-0.02356908028664731
"topic_72 (teachers, care, students)",0.02099940396040728,0.0005275048324546713,-1.0,-0.02099940396040728,-0.021376758185245953,-0.02062204973556861
"topic_50 (send, send kids, horrible)",0.02051486355119734,0.000892069891004474,-1.0,-0.02051486355119734,-0.021153011908351654,-0.019876715194043024
"topic_1 (bullying, bullied, school)",0.018807131959513834,0.00047241907947111964,-1.0,-0.018807131959513834,-0.019145080210534154,-0.018469183708493514
"topic_75 (experience, great experience, great)",0.018604324767961256,0.0003820447956706674,1.0,0.018604324767961256,0.01833102638498134,0.018877623150941172
"topic_10 (son, daughter, school)",0.018571922786008544,0.0005644614810444095,1.0,0.018571922786008544,0.01816813136737902,0.018975714204638068
"topic_3 (sports, coach, football)",0.01792351249291634,0.0005108952988449589,-1.0,-0.01792351249291634,-0.018288984973182057,-0.01755804001265062
"topic_48 (math, scores, test)",0.017817131167006672,0.0006899136634323944,-1.0,-0.017817131167006672,-0.018310665670678752,-0.017323596663334592
"topic_7 (special, iep, special needs)",0.017233049734662186,0.0006858807970709579,1.0,0.017233049734662186,0.016742400169792688,0.017723699299531683
"topic_57 (horrible, terrible, bad)",0.01712124429293539,0.0003155087122992316,-1.0,-0.01712124429293539,-0.017346945629178132,-0.016895542956692645
"topic_24 (counselors, counselor, counseling)",0.01611851314341318,0.0005762792413703112,1.0,0.01611851314341318,0.015706267808321208,0.016530758478505155
"topic_46 (san, california, high)",0.015909860208559157,0.0010958693595581558,1.0,0.015909860208559157,0.015125922494138211,0.016693797922980102
"topic_19 (worst, worst school, school worst)",0.015060785798389088,0.00033456844050013006,-1.0,-0.015060785798389088,-0.015300121642826604,-0.014821449953951571
"topic_11 (principal, administration, leadership)",0.014249493605329455,0.0005731470220739547,-1.0,-0.014249493605329455,-0.01465949828571671,-0.0138394889249422
"topic_41 (school, don, just)",0.013750179049588019,0.00037678372461717914,-1.0,-0.013750179049588019,-0.014019713889056927,-0.013480644210119111
"topic_38 (magnet, magnet program, program)",0.013464715135358763,0.0008357526996171144,1.0,0.013464715135358763,0.012866853669989261,0.014062576600728264
"topic_12 (drugs, drug, problem)",0.012078132076437476,0.0005056873872006207,1.0,0.012078132076437476,0.011716385111732312,0.01243987904114264
"topic_31 (stars, star, star school)",0.011894207869960094,0.0003717160558000356,1.0,0.011894207869960094,0.011628298222376791,0.012160117517543397
"topic_17 (catholic, catholic school, catholic high)",0.01161815196087158,0.0008814019717994406,-1.0,-0.01161815196087158,-0.01224866894835005,-0.01098763497339311
"topic_58 (texas, houston, austin)",0.011085467612984424,0.00043414715456480373,1.0,0.011085467612984424,0.010774897447751303,0.011396037778217544
"topic_35 (rating, 10, rated)",0.011013813951808338,0.0002929442274269043,1.0,0.011013813951808338,0.010804254275649083,0.011223373627967593
"topic_45 (district, school district, taxes)",0.01053589162824664,0.0007738919448461765,1.0,0.01053589162824664,0.009982282681012181,0.0110895005754811
"topic_33 (reviews, review, school)",0.010439970847678804,0.00048113478317462165,-1.0,-0.010439970847678804,-0.010784153937533972,-0.010095787757823636
"topic_26 (clark, high, high school)",0.010013693269998392,0.0004064320413011712,1.0,0.010013693269998392,0.00972294930243866,0.010304437237558124
"topic_13 (10, 10 10, rate)",0.00954293164170077,0.00035169495036366423,1.0,0.00954293164170077,0.009291344230156897,0.009794519053244643
"topic_78 (rude, office, staff)",0.008875210350440487,0.00024334611501661076,1.0,0.008875210350440487,0.008701131026517922,0.009049289674363052
"topic_25 (child, told, daughter)",0.008663953893844455,0.00035833495991235514,-1.0,-0.008663953893844455,-0.008920291282074813,-0.008407616505614097
"topic_30 (prep, stem, engineering)",0.00847736841763358,0.00044045791545644595,-1.0,-0.00847736841763358,-0.008792453029252576,-0.008162283806014583
"topic_15 (christian, christian school, faith)",0.008295360562236953,0.0004991939728536768,-1.0,-0.008295360562236953,-0.008652462418145587,-0.007938258706328319
"topic_34 (son, college, child)",0.007969535509096615,0.0005520214652087385,1.0,0.007969535509096615,0.0075746431417057425,0.00836442787648749
"topic_42 (terrible, horrible horrible, horrible)",0.007865755101785232,0.0003540070119328315,-1.0,-0.007865755101785232,-0.00811899646253968,-0.007612513741030784
"topic_9 (white, racism, diversity)",0.007695441191139541,0.00047010105852457034,1.0,0.007695441191139541,0.00735915115241156,0.008031731229867521
"topic_28 (bhs, bchs, bhhs)",0.006566119530772086,0.0008257132307975399,1.0,0.006566119530772086,0.005975439868755122,0.00715679919278905
"topic_21 (west, western, west high)",0.006533367366848486,0.0005316504798411198,1.0,0.006533367366848486,0.006153047524522126,0.006913687209174845
"topic_40 (mhs, mrhs, mhs great)",0.006508819462245507,0.0005139417984222042,1.0,0.006508819462245507,0.006141167647468117,0.006876471277022898
"topic_20 (north, northwood, students)",0.006356753840177675,0.00020773324428553804,1.0,0.006356753840177675,0.006208150429274653,0.006505357251080698
"topic_55 (york, new york, nyc)",0.005979096596818323,0.00025890473916971346,1.0,0.005979096596818323,0.005793887303660159,0.006164305889976487
"topic_64 (covid, mask, masks)",0.005686467001074324,0.0005264932659481581,1.0,0.005686467001074324,0.005309836407321954,0.006063097594826695
"topic_51 (chs, chs great, graduated chs)",0.004996532637750695,0.0004018505329713543,1.0,0.004996532637750695,0.004709066083814542,0.005283999191686848
"topic_32 (spanish, language, teacher)",0.004789938135095473,0.0004723556493055583,-1.0,-0.004789938135095473,-0.0051278410109088105,-0.004452035259282135
"topic_60 (central, central high, centerville)",0.004788069969311281,0.0007704940559196558,1.0,0.004788069969311281,0.004236891725386189,0.0053392482132363734
"topic_52 (charter, charter school, charter schools)",0.004531404717264309,0.0003409719742819137,-1.0,-0.004531404717264309,-0.0047753213738153544,-0.004287488060713263
"topic_44 (lhs, rhs, lhs great)",0.004344357169940005,0.0005774621664822377,1.0,0.004344357169940005,0.003931265621199948,0.004757448718680062
"topic_83 (cliques, clique, friends)",0.004052727903573283,0.000310217963805532,1.0,0.004052727903573283,0.0038308113408033547,0.004274644466343211
"topic_73 (ahs, schools, great)",0.0034857799263217416,0.0004903647104158955,1.0,0.0034857799263217416,0.003134994144272758,0.003836565708370725
"topic_79 (shs, shs great, love shs)",0.003415091325763675,0.0002807769997580121,1.0,0.003415091325763675,0.0032142355599440947,0.0036159470915832553
"topic_23 (south, south lake, high)",0.003394740397696827,0.0003555377363320059,1.0,0.003394740397696827,0.0031404040226722654,0.003649076772721389
"topic_16 (dress, code, dress code)",0.0033856959029163413,0.0002078008401497321,1.0,0.0033856959029163413,0.0032370441368450515,0.003534347668987631
"topic_29 (ghs, gchs, graduated)",0.003358892864182583,0.0005929533225226861,1.0,0.003358892864182583,0.0029347196099872483,0.003783066118377918
"topic_53 (east, eastside, east high)",0.002947807872998187,0.0004265083269038125,-1.0,-0.002947807872998187,-0.003252913550110362,-0.002642702195886012
"topic_39 (hhs, whs, students)",0.00282594102571202,0.00025474479784989563,1.0,0.00282594102571202,0.0026437075753054937,0.0030081744761185462
"topic_59 (klein, chapel hill, chapel)",0.002563988687375707,0.00024871224649179063,1.0,0.002563988687375707,0.00238607066424393,0.0027419067105074837
"topic_36 (bathrooms, bathroom, food)",0.002288848967747603,0.0001992957316986073,1.0,0.002288848967747603,0.002146281389743005,0.002431416545752201
"topic_82 (nhs, norwalk, student nhs)",0.0019558404096595484,0.0003607895577281164,1.0,0.0019558404096595484,0.0016977471079302614,0.0022139337113888354
"topic_65 (bay, bay high, bay view)",0.0018763346681293868,0.0002635872801966584,1.0,0.0018763346681293868,0.0016877756869100237,0.00206489364934875
"topic_81 (rotc, jrotc, jrotc program)",0.0017934983903118763,0.00020460571756174143,-1.0,-0.0017934983903118763,-0.0019398645033743677,-0.0016471322772493848
"topic_56 (vista, vegas, lago)",0.001687433013044215,0.00010234426708840877,1.0,0.001687433013044215,0.0016142203347942064,0.0017606456912942234
"topic_43 (coral, miami, coral park)",0.0016192407739667348,0.00015405082976456655,-1.0,-0.0016192407739667348,-0.0017294420989120516,-0.001509039449021418
"topic_22 (st, st francis, francis)",0.001560080508377304,0.00021348872717049324,-1.0,-0.001560080508377304,-0.0017128011437093768,-0.0014073598730452311
"topic_62 (valley, valley high, valley great)",0.0015073888705391502,0.00014896163069973246,-1.0,-0.0015073888705391502,-0.0016139496017874885,-0.001400828139290812
"topic_66 (phs, ph, students)",0.00137361917570894,0.00019600233437812973,1.0,0.00137361917570894,0.001233407552221709,0.001513830799196171
"topic_76 (la, que, escuela)",0.0009430428972656113,0.00017778687789834482,-1.0,-0.0009430428972656113,-0.001070223968164298,-0.0008158618263669245
"topic_68 (bishop, luers, dunne)",0.0008406743065607958,0.00034979735314845964,-1.0,-0.0008406743065607958,-0.0010909042588319886,-0.0005904443542896029
"topic_37 (creek, creek high, sandy)",0.0008227328900992092,0.0001020295995187179,-1.0,-0.0008227328900992092,-0.0008957204687301487,-0.0007497453114682698
"topic_54 (cchs, cca, hcs)",0.0006566633617008822,0.0001527585912929333,1.0,0.0006566633617008822,0.000547386448470432,0.0007659402749313324
"topic_74 (lake, lakeview, lakes)",0.0006542798356750423,9.614671875650453e-05,1.0,0.0006542798356750423,0.0005855006164244581,0.0007230590549256265
"topic_71 (lincoln, lincoln high, lhs)",0.0006411570515358455,0.0001847467264333162,1.0,0.0006411570515358455,0.0005089972049230342,0.0007733168981486568
"topic_49 (trinity, holy, holy trinity)",0.0005449857283291836,8.08804779469871e-05,-1.0,-0.0005449857283291836,-0.0006028441367881984,-0.0004871273198701688
"topic_77 (franklin, towne, elsie)",0.00029816880899100615,9.080922130875529e-05,1.0,0.00029816880899100615,0.00023320780540036454,0.00036312981258164776
"topic_61 (centennial, perry, hill murray)",7.920150905328382e-05,3.2727363919595177e-05,1.0,7.920150905328382e-05,5.578976325860779e-05,0.00010261325484795986
"topic_63 (jesuit, loyola, ignatius)",3.913666538362115e-05,2.9929369129269917e-05,-1.0,-3.913666538362115e-05,-6.0546846282118614e-05,-1.772648448512369e-05
"topic_69 (tc, alexandria, williams)",3.802343941433639e-05,2.2888516046841305e-05,-1.0,-3.802343941433639e-05,-5.439689743626926e-05,-2.1649981392403526e-05
"topic_84 (hamilton, tech center, tech)",3.619348162161584e-05,1.232030902673916e-05,1.0,3.619348162161584e-05,2.7380063475427502e-05,4.5006899767804184e-05
"topic_67 (madison, madison high, madison schools)",1.7788128042695028e-05,6.326670365936567e-06,-1.0,-1.7788128042695028e-05,-2.2313955380879526e-05,-1.3262300704510528e-05
"topic_80 (fcs, christian, fayetteville)",0.0,0.0,-1.0,-0.0,-0.0,0.0
