Parent_ID,Parent_Name,Topics,Child_Left_ID,Child_Left_Name,Child_Right_ID,Child_Right_Name,Distance
468,school_teachers_children_students_child,"[0, 1, 2, 3, 4, 5, 6, 7, 8, 9, 10, 11, 12, 13, 14, 15, 16, 17, 18, 19, 20, 21, 22, 23, 24, 25, 26, 27, 28, 29, 30, 31, 32, 33, 34, 35, 36, 37, 38, 39, 40, 41, 42, 43, 44, 45, 46, 47, 48, 49, 50, 51, 52, 53, 54, 55, 56, 57, 58, 59, 60, 61, 62, 63, 64, 65, 66, 67, 68, 69, 70, 71, 72, 73, 74, 75, 76, 77, 78, 79, 80, 81, 82, 83, 84, 85, 86, 87, 88, 89, 90, 91, 92, 93, 94, 95, 96, 97, 98, 99, 100, 101, 102, 103, 104, 105, 106, 107, 108, 109, 110, 111, 112, 113, 114, 115, 116, 117, 118, 119, 120, 121, 122, 123, 124, 125, 126, 127, 128, 129, 130, 131, 132, 133, 134, 135, 136, 137, 138, 139, 140, 141, 142, 143, 144, 145, 146, 147, 148, 149, 150, 151, 152, 153, 154, 155, 156, 157, 158, 159, 160, 161, 162, 163, 164, 165, 166, 167, 168, 169, 170, 171, 172, 173, 174, 175, 176, 177, 178, 179, 180, 181, 182, 183, 184, 185, 186, 187, 188, 189, 190, 191, 192, 193, 194, 195, 196, 197, 198, 199, 200, 201, 202, 203, 204, 205, 206, 207, 208, 209, 210, 211, 212, 213, 214, 215, 216, 217, 218, 219, 220, 221, 222, 223, 224, 225, 226, 227, 228, 229, 230, 231, 232, 233, 234]",466,school_teachers_children_students_child,467,que_la_escuela_en_los,0.9989425670075655
467,que_la_escuela_en_los,"[33, 208]",208,yes yes_ok ok_yes_ok_quandale dingle,33,que_la_escuela_en_los,0.9977358612352564
466,school_teachers_children_students_child,"[0, 1, 2, 3, 4, 5, 6, 7, 8, 9, 10, 11, 12, 13, 14, 15, 16, 17, 18, 19, 20, 21, 22, 23, 24, 25, 26, 27, 28, 29, 30, 31, 32, 34, 35, 36, 37, 38, 39, 40, 41, 42, 43, 44, 45, 46, 47, 48, 49, 50, 51, 52, 53, 54, 55, 56, 57, 58, 59, 60, 61, 62, 63, 64, 65, 66, 67, 68, 69, 70, 71, 72, 73, 74, 75, 76, 77, 78, 79, 80, 81, 82, 83, 84, 85, 86, 87, 88, 89, 90, 91, 92, 93, 94, 95, 96, 97, 98, 99, 100, 101, 102, 103, 104, 105, 106, 107, 108, 109, 110, 111, 112, 113, 114, 115, 116, 117, 118, 119, 120, 121, 122, 123, 124, 125, 126, 127, 128, 129, 130, 131, 132, 133, 134, 135, 136, 137, 138, 139, 140, 141, 142, 143, 144, 145, 146, 147, 148, 149, 150, 151, 152, 153, 154, 155, 156, 157, 158, 159, 160, 161, 162, 163, 164, 165, 166, 167, 168, 169, 170, 171, 172, 173, 174, 175, 176, 177, 178, 179, 180, 181, 182, 183, 184, 185, 186, 187, 188, 189, 190, 191, 192, 193, 194, 195, 196, 197, 198, 199, 200, 201, 202, 203, 204, 205, 206, 207, 209, 210, 211, 212, 213, 214, 215, 216, 217, 218, 219, 220, 221, 222, 223, 224, 225, 226, 227, 228, 229, 230, 231, 232, 233, 234]",465,school_teachers_children_students_child,209,gates_ob_ob gates_gates elementary_gates great,0.9865066025038517
465,school_teachers_children_students_child,"[0, 1, 2, 3, 4, 5, 6, 7, 8, 9, 10, 11, 12, 13, 14, 15, 16, 17, 18, 19, 20, 21, 22, 23, 24, 25, 26, 27, 28, 29, 30, 31, 32, 34, 35, 36, 37, 38, 39, 40, 41, 42, 43, 44, 45, 46, 47, 48, 49, 50, 51, 52, 53, 54, 55, 56, 57, 58, 59, 60, 61, 62, 63, 64, 65, 66, 67, 68, 69, 70, 71, 72, 73, 74, 75, 76, 77, 78, 79, 80, 81, 82, 83, 84, 85, 86, 87, 88, 89, 90, 91, 92, 93, 94, 95, 96, 97, 98, 99, 100, 101, 102, 103, 104, 105, 106, 107, 108, 109, 110, 111, 112, 113, 114, 115, 116, 117, 118, 119, 120, 121, 122, 123, 124, 125, 126, 127, 128, 129, 130, 131, 132, 133, 134, 135, 136, 137, 138, 139, 140, 141, 142, 143, 144, 145, 146, 147, 148, 149, 150, 151, 152, 153, 154, 155, 156, 157, 158, 159, 160, 161, 162, 163, 164, 165, 166, 167, 168, 169, 170, 171, 172, 173, 174, 175, 176, 177, 178, 179, 180, 181, 182, 183, 184, 185, 186, 187, 188, 189, 190, 191, 192, 193, 194, 195, 196, 197, 198, 199, 200, 201, 202, 203, 204, 205, 206, 207, 210, 211, 212, 213, 214, 215, 216, 217, 218, 219, 220, 221, 222, 223, 224, 225, 226, 227, 228, 229, 230, 231, 232, 233, 234]",464,school_teachers_children_students_child,441,worst_worst school_horrible_terrible_bad,0.9794595225971183
464,school_teachers_children_students_child,"[0, 1, 2, 3, 4, 5, 6, 7, 8, 10, 11, 12, 13, 14, 15, 16, 17, 18, 19, 20, 21, 22, 23, 24, 25, 26, 27, 28, 29, 30, 31, 32, 34, 35, 36, 37, 38, 39, 40, 41, 42, 43, 44, 45, 46, 47, 48, 49, 50, 51, 52, 53, 54, 55, 56, 57, 59, 60, 61, 62, 63, 64, 65, 66, 68, 69, 70, 71, 72, 73, 74, 75, 76, 77, 78, 79, 80, 81, 82, 83, 84, 85, 86, 87, 88, 89, 90, 91, 92, 93, 94, 95, 96, 97, 98, 99, 100, 101, 102, 103, 104, 105, 106, 107, 108, 110, 111, 112, 113, 114, 115, 116, 117, 118, 119, 120, 121, 122, 123, 124, 125, 126, 127, 128, 129, 130, 131, 132, 133, 134, 135, 136, 137, 138, 139, 140, 141, 142, 143, 144, 145, 146, 147, 148, 149, 150, 151, 152, 153, 154, 155, 156, 157, 158, 159, 160, 161, 162, 163, 164, 165, 166, 167, 168, 169, 170, 171, 172, 173, 174, 175, 176, 177, 178, 179, 180, 181, 182, 183, 184, 185, 186, 187, 188, 189, 190, 191, 193, 194, 195, 196, 197, 198, 199, 200, 201, 202, 203, 204, 205, 206, 207, 210, 212, 213, 214, 215, 216, 217, 218, 219, 220, 221, 222, 223, 224, 225, 226, 227, 228, 229, 230, 231, 232, 233, 234]",463,school_teachers_children_students_child,461,10_10 10_rate_school 10_rate school,0.974263245634864
463,school_teachers_children_students_child,"[0, 1, 2, 3, 4, 5, 6, 7, 8, 10, 11, 12, 14, 15, 16, 17, 18, 19, 20, 22, 23, 24, 25, 26, 27, 28, 29, 30, 31, 32, 34, 35, 36, 37, 38, 39, 40, 41, 42, 43, 44, 45, 46, 47, 48, 49, 50, 51, 52, 53, 54, 55, 56, 57, 59, 60, 61, 62, 63, 64, 65, 66, 68, 69, 70, 71, 72, 73, 74, 75, 76, 77, 78, 79, 80, 81, 82, 83, 84, 85, 86, 87, 88, 89, 90, 91, 92, 93, 94, 95, 96, 97, 98, 99, 100, 101, 102, 103, 104, 105, 106, 107, 108, 110, 111, 112, 113, 114, 115, 116, 117, 118, 119, 120, 121, 122, 123, 124, 125, 126, 127, 128, 129, 130, 131, 132, 133, 134, 135, 136, 137, 138, 139, 140, 141, 142, 143, 144, 145, 146, 147, 148, 149, 150, 151, 152, 153, 154, 155, 156, 157, 158, 159, 160, 161, 162, 163, 164, 165, 166, 167, 168, 169, 170, 171, 172, 173, 174, 175, 176, 177, 178, 180, 181, 182, 183, 184, 185, 186, 187, 188, 189, 190, 191, 193, 194, 195, 196, 197, 198, 199, 200, 201, 202, 203, 204, 205, 206, 207, 210, 212, 213, 214, 215, 216, 217, 218, 219, 220, 221, 223, 224, 225, 226, 227, 228, 229, 230, 231, 232, 233, 234]",460,st_mary_st mary_paul_st paul,462,school_teachers_children_students_child,0.9680686315338791
462,school_teachers_children_students_child,"[0, 1, 2, 3, 4, 5, 6, 7, 8, 10, 11, 12, 14, 15, 16, 17, 18, 19, 20, 22, 23, 24, 25, 26, 27, 28, 29, 30, 31, 32, 34, 35, 36, 37, 38, 39, 40, 42, 43, 44, 45, 46, 47, 48, 49, 50, 51, 52, 54, 55, 56, 57, 59, 61, 62, 63, 64, 65, 66, 68, 70, 71, 72, 73, 74, 75, 76, 78, 79, 80, 81, 82, 83, 84, 85, 86, 87, 88, 89, 90, 91, 92, 93, 94, 95, 96, 97, 98, 99, 100, 101, 102, 103, 104, 105, 106, 107, 108, 110, 111, 112, 113, 114, 115, 116, 117, 118, 119, 120, 121, 122, 123, 124, 125, 126, 127, 128, 129, 130, 132, 133, 134, 135, 136, 137, 138, 139, 141, 142, 143, 144, 145, 146, 147, 148, 150, 151, 153, 154, 155, 156, 157, 158, 159, 160, 161, 163, 164, 165, 166, 167, 168, 169, 170, 171, 172, 173, 174, 175, 176, 177, 178, 180, 181, 182, 183, 184, 185, 186, 188, 189, 190, 191, 193, 194, 196, 198, 199, 200, 201, 202, 203, 204, 205, 206, 207, 210, 212, 213, 215, 216, 217, 218, 219, 220, 221, 223, 224, 225, 226, 227, 228, 229, 230, 231, 232, 233, 234]",453,blue_ribbon_blue ribbon_honor roll_honor,459,school_teachers_children_students_child,0.9622256230834226
461,10_10 10_rate_school 10_rate school,"[13, 21, 179, 222]",393,10_10 10_rate_school 10_rate school,222,average_school average_average school_average teachers_just average,0.959904913425028
460,st_mary_st mary_paul_st paul,"[41, 53, 60, 69, 77, 131, 140, 149, 152, 162, 187, 195, 197, 214]",457,sacred_sacred heart_heart_notre dame_dame,437,st_mary_st mary_paul_st paul,0.9589407999423287
459,school_teachers_children_students_child,"[0, 1, 2, 3, 4, 5, 6, 7, 8, 10, 11, 12, 14, 15, 16, 17, 18, 19, 20, 22, 23, 24, 25, 26, 27, 28, 29, 30, 31, 32, 34, 35, 36, 37, 38, 39, 40, 42, 43, 44, 45, 46, 47, 48, 49, 50, 51, 52, 54, 55, 56, 57, 59, 61, 62, 63, 64, 65, 66, 68, 70, 71, 72, 73, 74, 75, 76, 78, 79, 80, 81, 82, 83, 84, 85, 86, 87, 88, 89, 90, 91, 92, 93, 94, 95, 96, 97, 98, 99, 100, 101, 102, 103, 104, 105, 106, 107, 108, 110, 111, 112, 113, 114, 115, 116, 117, 118, 119, 120, 121, 122, 123, 124, 125, 126, 127, 128, 129, 130, 132, 133, 134, 135, 136, 137, 138, 139, 141, 142, 143, 144, 145, 146, 147, 148, 150, 151, 153, 154, 155, 156, 157, 158, 159, 160, 161, 163, 164, 165, 166, 168, 169, 170, 171, 172, 173, 174, 175, 176, 177, 178, 180, 181, 182, 183, 184, 185, 186, 188, 189, 190, 191, 193, 194, 196, 198, 199, 200, 201, 202, 203, 204, 205, 206, 207, 210, 212, 213, 215, 216, 217, 218, 220, 221, 223, 224, 225, 226, 227, 228, 229, 230, 231, 232, 233, 234]",458,school_teachers_children_students_child,220,salem_salem elementary_salem lutheran_school salem_salem high,0.9545369237258143
458,school_teachers_children_students_child,"[0, 1, 2, 3, 4, 5, 6, 7, 8, 10, 11, 12, 14, 15, 16, 17, 18, 19, 20, 22, 23, 24, 25, 26, 27, 28, 29, 30, 31, 32, 34, 35, 36, 37, 38, 39, 40, 42, 43, 44, 45, 46, 47, 48, 49, 50, 51, 52, 54, 55, 56, 57, 59, 61, 62, 63, 64, 65, 66, 68, 70, 71, 72, 73, 74, 75, 76, 78, 79, 80, 81, 82, 83, 84, 85, 86, 87, 88, 89, 90, 91, 92, 93, 94, 95, 96, 97, 98, 99, 100, 101, 102, 103, 104, 105, 106, 107, 108, 110, 111, 112, 113, 114, 115, 116, 117, 118, 119, 120, 121, 122, 123, 124, 125, 126, 127, 128, 129, 130, 132, 133, 134, 135, 136, 137, 138, 139, 141, 142, 143, 144, 145, 146, 147, 148, 150, 151, 153, 154, 155, 156, 157, 158, 159, 160, 161, 163, 164, 165, 166, 168, 169, 170, 171, 172, 173, 174, 175, 176, 177, 178, 180, 181, 182, 183, 184, 185, 186, 188, 189, 190, 191, 193, 194, 196, 198, 199, 200, 201, 202, 203, 204, 205, 206, 207, 210, 212, 213, 215, 216, 217, 218, 221, 223, 224, 225, 226, 227, 228, 229, 230, 231, 232, 233, 234]",455,grace_lutheran_cornerstone_calvary_christian,456,school_teachers_children_students_child,0.9535978998891329
457,sacred_sacred heart_heart_notre dame_dame,"[131, 197]",197,notre dame_dame_notre_nda_dame academy,131,sacred_sacred heart_heart_heart school_school sacred,0.9511844023998199
456,school_teachers_children_students_child,"[0, 1, 2, 3, 4, 5, 6, 7, 8, 10, 11, 12, 14, 15, 16, 17, 18, 19, 20, 22, 23, 24, 25, 26, 27, 28, 29, 30, 31, 32, 34, 35, 36, 37, 38, 39, 40, 42, 43, 44, 45, 46, 47, 48, 49, 50, 51, 52, 54, 55, 57, 59, 61, 62, 63, 64, 65, 66, 68, 70, 71, 72, 73, 74, 75, 76, 78, 79, 80, 81, 82, 83, 84, 85, 86, 87, 88, 89, 91, 92, 93, 94, 95, 96, 97, 98, 99, 100, 101, 102, 103, 104, 105, 106, 107, 108, 110, 111, 112, 113, 114, 115, 116, 117, 118, 119, 120, 121, 122, 123, 124, 125, 126, 127, 128, 129, 130, 132, 133, 134, 135, 136, 137, 138, 141, 142, 143, 144, 145, 146, 147, 148, 150, 151, 153, 154, 155, 156, 158, 159, 160, 161, 163, 164, 165, 166, 168, 169, 170, 172, 173, 174, 175, 176, 178, 180, 181, 182, 183, 184, 185, 186, 189, 190, 191, 193, 196, 198, 199, 200, 201, 202, 204, 205, 206, 207, 210, 212, 213, 215, 216, 217, 218, 221, 224, 225, 227, 228, 230, 231, 232, 233, 234]",454,school_teachers_children_students_child,184,evergreen_love evergreen_evergreen school_evergreen academy_school evergreen,0.9477668415370659
455,grace_lutheran_cornerstone_calvary_christian,"[56, 90, 139, 157, 171, 177, 188, 194, 203, 223, 226, 229]",451,carden_walden_gateway_carder_walden school,449,grace_lutheran_cornerstone_calvary_lutheran school,0.9460763100650866
454,school_teachers_children_students_child,"[0, 1, 2, 3, 4, 5, 6, 7, 8, 10, 11, 12, 14, 15, 16, 17, 18, 19, 20, 22, 23, 24, 25, 26, 27, 28, 29, 30, 31, 32, 34, 35, 36, 37, 38, 39, 40, 42, 43, 44, 45, 46, 47, 48, 49, 50, 51, 52, 54, 55, 57, 59, 61, 62, 63, 64, 65, 66, 68, 70, 71, 72, 73, 74, 75, 76, 78, 79, 80, 81, 82, 83, 84, 85, 86, 87, 88, 89, 91, 92, 93, 94, 95, 96, 97, 98, 99, 100, 101, 102, 103, 104, 105, 106, 107, 108, 110, 111, 112, 113, 114, 115, 116, 117, 118, 119, 120, 121, 122, 123, 124, 125, 126, 127, 128, 129, 130, 132, 133, 134, 135, 136, 137, 138, 141, 142, 143, 144, 145, 146, 147, 148, 150, 151, 153, 154, 155, 156, 158, 159, 160, 161, 163, 164, 165, 166, 168, 169, 170, 172, 173, 174, 175, 176, 178, 180, 181, 182, 183, 185, 186, 189, 190, 191, 193, 196, 198, 199, 200, 201, 202, 204, 205, 206, 207, 210, 212, 213, 215, 216, 217, 218, 221, 224, 225, 227, 228, 230, 231, 232, 233, 234]",452,school_teachers_children_students_child,181,kipp_kiker_school kipp_year kipp_love kipp,0.9455113178545238
453,blue_ribbon_blue ribbon_honor roll_honor,"[167, 219]",167,blue_ribbon_blue ribbon_ribbon school_national blue,219,honor roll_roll_honor_roll year_cbee,0.9441726381616035
452,school_teachers_children_students_child,"[0, 1, 2, 3, 4, 5, 6, 7, 8, 10, 11, 12, 14, 15, 16, 17, 18, 19, 20, 22, 23, 24, 25, 26, 27, 28, 29, 30, 31, 32, 34, 35, 36, 37, 38, 39, 40, 42, 43, 44, 45, 46, 47, 48, 49, 50, 51, 52, 54, 55, 57, 59, 61, 62, 63, 64, 65, 66, 68, 70, 71, 72, 73, 74, 75, 76, 78, 79, 80, 81, 82, 83, 84, 85, 86, 87, 88, 89, 91, 92, 93, 94, 95, 96, 97, 98, 99, 100, 101, 102, 103, 104, 105, 106, 107, 108, 110, 111, 112, 113, 114, 115, 116, 117, 118, 119, 120, 121, 122, 123, 124, 125, 126, 127, 128, 129, 130, 132, 133, 134, 135, 136, 137, 138, 141, 142, 143, 144, 145, 146, 147, 148, 150, 151, 153, 154, 155, 156, 158, 159, 160, 161, 163, 164, 165, 166, 168, 169, 170, 172, 173, 174, 175, 176, 178, 180, 182, 183, 185, 186, 189, 190, 191, 193, 196, 198, 199, 200, 201, 202, 204, 205, 206, 207, 210, 212, 213, 215, 216, 217, 218, 221, 224, 225, 227, 228, 230, 231, 232, 233, 234]",189,edison_la reina_reina_la_edison elementary,450,school_teachers_children_child_students,0.9441527236965006
451,carden_walden_gateway_carder_walden school,"[171, 194, 226]",446,walden_gateway_walden school_berwick_walden green,171,carden_carder_jamestown_carden school_carden academy,0.9432983797615654
450,school_teachers_children_child_students,"[0, 1, 2, 3, 4, 5, 6, 7, 8, 10, 11, 12, 14, 15, 16, 17, 18, 19, 20, 22, 23, 24, 25, 26, 27, 28, 29, 30, 31, 32, 34, 35, 36, 37, 38, 39, 40, 42, 43, 44, 45, 46, 47, 48, 49, 50, 51, 52, 54, 55, 57, 59, 61, 62, 63, 64, 65, 66, 68, 70, 71, 72, 73, 74, 75, 76, 78, 79, 80, 81, 82, 83, 84, 85, 86, 87, 88, 89, 91, 92, 93, 94, 95, 96, 97, 98, 99, 100, 101, 102, 103, 104, 105, 106, 107, 108, 110, 111, 112, 113, 114, 115, 116, 117, 118, 119, 120, 121, 122, 123, 124, 125, 126, 127, 128, 129, 130, 132, 133, 134, 135, 136, 137, 138, 141, 142, 143, 144, 145, 146, 147, 148, 150, 151, 153, 154, 155, 156, 158, 159, 160, 161, 163, 164, 165, 166, 168, 169, 170, 172, 173, 174, 175, 176, 178, 180, 182, 183, 185, 186, 190, 191, 193, 196, 198, 199, 200, 201, 202, 204, 205, 206, 207, 210, 212, 213, 215, 216, 217, 218, 221, 224, 225, 227, 228, 230, 231, 232, 233, 234]",448,school_teachers_children_child_students,447,liberty_heritage_saints_canyon_horizon,0.9425581483638442
449,grace_lutheran_cornerstone_calvary_lutheran school,"[56, 90, 139, 157, 177, 188, 203, 223, 229]",432,grace_lutheran_cornerstone_calvary_lutheran school,203,shepherd_good shepherd_shepherd school_good_shepherd valley,0.9418904874075777
448,school_teachers_children_child_students,"[0, 1, 2, 3, 4, 5, 6, 7, 8, 10, 11, 12, 14, 15, 16, 17, 18, 19, 20, 22, 23, 24, 25, 26, 27, 28, 29, 30, 31, 32, 34, 35, 36, 37, 38, 39, 40, 42, 43, 44, 45, 46, 47, 48, 49, 50, 51, 52, 54, 55, 57, 59, 61, 62, 63, 64, 65, 66, 68, 70, 71, 72, 73, 74, 75, 76, 78, 79, 80, 81, 82, 83, 84, 85, 86, 87, 88, 89, 91, 92, 93, 94, 95, 96, 97, 98, 99, 100, 101, 102, 103, 104, 105, 106, 107, 108, 110, 111, 112, 113, 114, 115, 116, 117, 118, 119, 120, 121, 122, 123, 124, 125, 126, 127, 128, 129, 132, 133, 135, 136, 137, 138, 141, 142, 143, 144, 145, 146, 147, 148, 150, 151, 153, 154, 155, 156, 158, 159, 160, 161, 163, 164, 166, 168, 169, 170, 172, 173, 174, 176, 178, 180, 182, 183, 185, 186, 190, 191, 196, 198, 200, 201, 202, 204, 205, 206, 207, 215, 217, 218, 221, 224, 225, 227, 231, 232, 234]",169,roosevelt_zeta_roosevelt school_roosevelt great_school roosevelt,444,school_teachers_children_child_students,0.9392706246084742
447,liberty_heritage_saints_canyon_horizon,"[130, 134, 165, 175, 193, 199, 210, 212, 213, 216, 228, 230, 233]",445,heritage_saints_horizon_ivy_desert,443,liberty_canyon_baker_discovery_imagine,0.9391406414114737
446,walden_gateway_walden school_berwick_walden green,"[194, 226]",226,gateway_gateway school_school gateway_gateway christian_attended gateway,194,walden_walden school_berwick_walden green_green,0.9387616811811517
445,heritage_saints_horizon_ivy_desert,"[134, 175, 193, 199, 210, 228, 230, 233]",435,ivy_laurel_ivy league_league_laurel hill,442,heritage_saints_horizon_desert_kcc,0.9369421872842097
444,school_teachers_children_child_students,"[0, 1, 2, 3, 4, 5, 6, 7, 8, 10, 11, 12, 14, 15, 16, 17, 18, 19, 20, 22, 23, 24, 25, 26, 27, 28, 29, 30, 31, 32, 34, 35, 36, 37, 38, 39, 40, 42, 43, 44, 45, 46, 47, 48, 49, 50, 51, 52, 54, 55, 57, 59, 61, 62, 63, 64, 65, 66, 68, 70, 71, 72, 73, 74, 75, 76, 78, 79, 80, 81, 82, 83, 84, 85, 86, 87, 88, 89, 91, 92, 93, 94, 95, 96, 97, 98, 99, 100, 101, 102, 103, 104, 105, 106, 107, 108, 110, 111, 112, 113, 114, 115, 116, 117, 118, 119, 120, 121, 122, 123, 124, 125, 126, 127, 128, 129, 132, 133, 135, 136, 137, 138, 141, 142, 143, 144, 145, 146, 147, 148, 150, 151, 153, 154, 155, 156, 158, 159, 160, 161, 163, 164, 166, 168, 170, 172, 173, 174, 176, 178, 180, 182, 183, 185, 186, 190, 191, 196, 198, 200, 201, 202, 204, 205, 206, 207, 215, 217, 218, 221, 224, 225, 227, 231, 232, 234]",440,school_teachers_children_great_love,436,bullying_principal_school_child_pta,0.9353048246472264
443,liberty_canyon_baker_discovery_imagine,"[130, 165, 212, 213, 216]",434,canyon_baker_discovery_imagine_gilbert,130,liberty_liberty christian_liberty elementary_school liberty_liberty great,0.934898908283308
442,heritage_saints_horizon_desert_kcc,"[134, 175, 199, 210, 228, 230]",406,desert_willow_willows_willowbrook_desert view,439,heritage_saints_horizon_kcc_american heritage,0.9333966050962947
441,worst_worst school_horrible_terrible_bad,"[9, 58, 67, 109, 192, 211]",356,worst_worst school_horrible_terrible_bad,310,poor_leadership_school poor_administration_poor poor,0.9329421982210778
440,school_teachers_children_great_love,"[1, 2, 3, 4, 6, 7, 8, 10, 12, 14, 15, 16, 19, 22, 23, 24, 25, 28, 29, 31, 34, 35, 36, 37, 39, 40, 42, 43, 44, 45, 47, 48, 49, 51, 54, 55, 57, 59, 61, 62, 63, 65, 66, 68, 70, 71, 72, 74, 75, 76, 78, 80, 81, 82, 83, 85, 86, 87, 88, 91, 92, 93, 94, 95, 96, 97, 98, 99, 100, 101, 104, 106, 107, 110, 113, 114, 115, 116, 119, 120, 121, 122, 124, 126, 127, 128, 129, 132, 135, 137, 138, 144, 146, 147, 148, 151, 153, 154, 155, 156, 158, 159, 160, 163, 166, 168, 170, 172, 173, 176, 182, 185, 186, 190, 191, 196, 201, 204, 206, 207, 215, 224, 231, 232]",438,school_teachers_children_great_love,151,wilson_woodrow_wilson hall_woodrow wilson_tahoe,0.9327582436622285
439,heritage_saints_horizon_kcc_american heritage,"[134, 175, 199, 210]",431,heritage_saints_kcc_american heritage_american,199,horizon_echo_new horizon_horizon school_echo horizon,0.9319388337146989
438,school_teachers_children_great_love,"[1, 2, 3, 4, 6, 7, 8, 10, 12, 14, 15, 16, 19, 22, 23, 24, 25, 28, 29, 31, 34, 35, 36, 37, 39, 40, 42, 43, 44, 45, 47, 48, 49, 51, 54, 55, 57, 59, 61, 62, 63, 65, 66, 68, 70, 71, 72, 74, 75, 76, 78, 80, 81, 82, 83, 85, 86, 87, 88, 91, 92, 93, 94, 95, 96, 97, 98, 99, 100, 101, 104, 106, 107, 110, 113, 114, 115, 116, 119, 120, 121, 122, 124, 126, 127, 128, 129, 132, 135, 137, 138, 144, 146, 147, 148, 153, 154, 155, 156, 158, 159, 160, 163, 166, 168, 170, 172, 173, 176, 182, 185, 186, 190, 191, 196, 201, 204, 206, 207, 215, 224, 231, 232]",425,central_miami_dade_school miami_miami dade,429,school_teachers_children_great_love,0.9318023569682021
437,st_mary_st mary_paul_st paul,"[41, 53, 60, 69, 77, 140, 149, 152, 162, 187, 195, 214]",256,francis_st francis_xavier_st_francis xavier,413,st_mary_st mary_paul_st paul,0.9303273439280557
436,bullying_principal_school_child_pta,"[0, 5, 11, 17, 18, 20, 26, 27, 30, 32, 38, 46, 50, 52, 64, 73, 79, 84, 89, 102, 103, 105, 108, 111, 112, 117, 118, 123, 125, 133, 136, 141, 142, 143, 145, 150, 161, 164, 174, 178, 180, 183, 198, 200, 202, 205, 217, 218, 221, 225, 227, 234]",433,bullying_principal_school_child_pta,205,substitute_substitute teacher_sub_substitute teachers_subs,0.9291335923198177
435,ivy_laurel_ivy league_league_laurel hill,"[193, 233]",193,ivy_ivy league_league_ivy bound_ivy academia,233,laurel_laurel hill_laurelhurst_laurel hall_laurel school,0.9279506347747511
434,canyon_baker_discovery_imagine_gilbert,"[165, 212, 213, 216]",420,baker_discovery_mirman_hubbard_seed,409,canyon_imagine_gilbert_west gilbert_imagine west,0.9275051991455364
433,bullying_principal_school_child_pta,"[0, 5, 11, 17, 18, 20, 26, 27, 30, 32, 38, 46, 50, 52, 64, 73, 79, 84, 89, 102, 103, 105, 108, 111, 112, 117, 118, 123, 125, 133, 136, 141, 142, 143, 145, 150, 161, 164, 174, 178, 180, 183, 198, 200, 202, 217, 218, 221, 225, 227, 234]",428,gifted_magnet_lincoln_principal_franklin,423,bullying_pta_principal_child_school,0.9271093608156019
432,grace_lutheran_cornerstone_calvary_lutheran school,"[56, 90, 139, 157, 177, 188, 223, 229]",427,providence_covenant_westminster_pardes_christian,424,grace_lutheran_cornerstone_calvary_lutheran school,0.9267383599202266
431,heritage_saints_kcc_american heritage_american,"[134, 175, 210]",430,heritage_kcc_american heritage_american_kca,175,saints_saints academy_saints catholic_catholic_asa,0.9262430997436613
430,heritage_kcc_american heritage_american_kca,"[134, 210]",134,heritage_american heritage_american_heritage school_heritage academy,210,kcc_kca_kcs_community college_kids community,0.9250436599208862
429,school_teachers_children_great_love,"[1, 2, 3, 4, 6, 7, 8, 10, 12, 14, 15, 16, 19, 22, 23, 24, 25, 28, 29, 31, 34, 35, 36, 37, 39, 40, 42, 43, 44, 45, 47, 48, 49, 51, 54, 55, 57, 59, 61, 62, 63, 65, 66, 68, 70, 71, 72, 74, 75, 76, 78, 80, 81, 82, 83, 85, 86, 87, 88, 91, 92, 93, 94, 95, 96, 97, 98, 99, 100, 101, 104, 106, 107, 110, 113, 114, 115, 116, 119, 120, 121, 122, 124, 126, 127, 128, 129, 132, 135, 137, 138, 144, 146, 147, 148, 153, 154, 155, 156, 158, 159, 160, 163, 166, 168, 170, 172, 173, 176, 182, 185, 191, 196, 201, 204, 206, 207, 215, 224, 231, 232]",176,lakeside_cypress_lakeside academy_school lakeside_lakeside christian,426,school_teachers_children_great_love,0.9248323256413057
428,gifted_magnet_lincoln_principal_franklin,"[27, 30, 52, 79, 84, 102, 108, 111, 123, 125, 133, 141, 142, 143, 145, 161, 164, 174, 178, 180, 198, 202, 217, 218, 221, 225, 234]",202,hamilton_alexander_school hamilton_hamilton school_hamilton heights,419,gifted_magnet_lincoln_principal_franklin,0.9231726656346166
427,providence_covenant_westminster_pardes_christian,"[177, 223, 229]",229,westminster_pardes_westminster school_westminster academy_jewish,422,providence_covenant_classical_christian_new covenant,0.9213170137230436
426,school_teachers_children_great_love,"[1, 2, 3, 4, 6, 7, 8, 10, 12, 14, 15, 16, 19, 22, 23, 24, 25, 28, 29, 31, 34, 35, 36, 37, 39, 40, 42, 43, 44, 45, 47, 48, 49, 51, 54, 55, 57, 59, 61, 62, 63, 65, 66, 68, 70, 71, 72, 74, 75, 76, 78, 80, 81, 82, 83, 85, 86, 87, 88, 91, 92, 93, 94, 95, 96, 97, 98, 99, 100, 101, 104, 106, 107, 110, 113, 114, 115, 116, 119, 120, 121, 122, 124, 126, 127, 128, 129, 132, 135, 137, 138, 144, 146, 147, 148, 153, 154, 155, 156, 158, 159, 160, 163, 166, 168, 170, 172, 173, 182, 185, 191, 196, 201, 204, 206, 207, 215, 224, 231, 232]",421,school_teachers_children_great_love,196,cambridge_cambridge program_cambridge school_cambridge academy_school cambridge,0.9208833238724818
425,central_miami_dade_school miami_miami dade,"[186, 190]",190,central_central elementary_central school_love central_central high,186,miami_dade_school miami_miami dade_dade county,0.917357091324269
424,grace_lutheran_cornerstone_calvary_lutheran school,"[56, 90, 139, 157, 188]",188,gca_gca years_zca_love gca_attended gca,416,grace_lutheran_cornerstone_calvary_lutheran school,0.9171057584256443
423,bullying_pta_principal_child_school,"[0, 5, 11, 17, 18, 20, 26, 32, 38, 46, 50, 64, 73, 89, 103, 105, 112, 117, 118, 136, 150, 183, 200, 227]",304,care_children_help_great_kids,410,bullying_pta_principal_child_school,0.9167271604223189
422,providence_covenant_classical_christian_new covenant,"[177, 223]",223,covenant_new covenant_covenant christian_covenant school_classical,177,providence_providence academy_classical_school providence_providence christian,0.9166203115652983
421,school_teachers_children_great_love,"[1, 2, 3, 4, 6, 7, 8, 10, 12, 14, 15, 16, 19, 22, 23, 24, 25, 28, 29, 31, 34, 35, 36, 37, 39, 40, 42, 43, 44, 45, 47, 48, 49, 51, 54, 55, 57, 59, 61, 62, 63, 65, 66, 68, 70, 71, 72, 74, 75, 76, 78, 80, 81, 82, 83, 85, 86, 87, 88, 91, 92, 93, 94, 95, 96, 97, 98, 99, 100, 101, 104, 106, 107, 110, 113, 114, 115, 116, 119, 120, 121, 122, 124, 126, 127, 128, 129, 132, 135, 137, 138, 144, 146, 147, 148, 153, 154, 155, 156, 158, 159, 160, 163, 166, 168, 170, 172, 173, 182, 185, 191, 201, 204, 206, 207, 215, 224, 231, 232]",401,summit_mckinley_everest_lebanon_atlas,417,school_teachers_children_great_love,0.9162714459347213
420,baker_discovery_mirman_hubbard_seed,"[213, 216]",213,discovery_seed_discovery academy_rama_discovery school,216,baker_mirman_hubbard_mirus_hubbard woods,0.9157895188198445
419,gifted_magnet_lincoln_principal_franklin,"[27, 30, 52, 79, 84, 102, 108, 111, 123, 125, 133, 141, 142, 143, 145, 161, 164, 174, 178, 180, 198, 217, 218, 221, 225, 234]",418,lincoln_madison_lincoln school_lincoln elementary_school lincoln,415,gifted_magnet_principal_franklin_stem,0.9137013437380018
418,lincoln_madison_lincoln school_lincoln elementary_school lincoln,"[79, 133]",133,madison_huntsville_olympia_school madison_madison middle,79,lincoln_lincoln school_lincoln elementary_school lincoln_love lincoln,0.912027843223744
417,school_teachers_children_great_love,"[1, 2, 3, 4, 6, 7, 8, 10, 12, 14, 15, 16, 19, 22, 23, 24, 25, 28, 29, 31, 34, 35, 36, 37, 39, 40, 42, 43, 44, 45, 47, 48, 49, 51, 54, 55, 57, 59, 61, 62, 63, 65, 66, 68, 70, 71, 72, 74, 75, 76, 78, 80, 81, 82, 83, 85, 86, 87, 88, 91, 92, 93, 94, 95, 96, 97, 98, 99, 100, 101, 104, 107, 110, 113, 114, 115, 116, 119, 120, 121, 122, 124, 126, 127, 128, 129, 132, 135, 137, 138, 144, 146, 147, 148, 153, 154, 155, 156, 158, 159, 160, 163, 166, 168, 170, 173, 182, 185, 191, 201, 204, 206, 207, 215, 224, 231, 232]",412,school_teachers_great_children_love,414,trinity_holy_holy family_ics_holy trinity,0.9106471030845172
416,grace_lutheran_cornerstone_calvary_lutheran school,"[56, 90, 139, 157]",390,grace_lutheran_calvary_lutheran school_christian,139,cornerstone_cornerstone christian_christian_school cornerstone_cornerstone academy,0.9106081176428478
415,gifted_magnet_principal_franklin_stem,"[27, 30, 52, 84, 102, 108, 111, 123, 125, 141, 142, 143, 145, 161, 164, 174, 178, 180, 198, 217, 218, 221, 225, 234]",411,gifted_magnet_principal_stem_program,102,franklin_fra_franklin academy_franklin school_benjamin,0.9101168306552457
414,trinity_holy_holy family_ics_holy trinity,"[55, 83, 158, 215, 224]",408,trinity_holy_holy family_ics_holy trinity,224,king_kings_king way_king school_ctk,0.9096747840095508
413,st_mary_st mary_paul_st paul,"[41, 53, 60, 69, 77, 140, 152, 162, 187, 195]",397,st_mary_st mary_paul_st paul,187,pius_st pius_st_pius school_saint pius,0.9094282926997828
412,school_teachers_great_children_love,"[1, 2, 3, 4, 6, 7, 8, 10, 12, 14, 15, 16, 19, 22, 23, 24, 25, 28, 29, 31, 34, 35, 36, 37, 39, 40, 42, 43, 44, 45, 47, 48, 49, 51, 54, 57, 59, 61, 62, 63, 65, 66, 68, 70, 71, 72, 74, 75, 76, 78, 80, 81, 82, 85, 86, 87, 88, 91, 92, 93, 94, 95, 96, 97, 98, 99, 100, 101, 104, 107, 110, 113, 114, 115, 116, 119, 120, 121, 122, 124, 126, 127, 128, 129, 132, 135, 137, 138, 144, 146, 147, 148, 153, 154, 155, 156, 159, 160, 163, 166, 168, 170, 173, 182, 185, 191, 201, 204, 206, 207, 231, 232]",232,mms_mas_mmr_mmes_maspeth,403,school_teachers_great_children_love,0.9053043091629167
411,gifted_magnet_principal_stem_program,"[27, 30, 52, 84, 108, 111, 123, 125, 141, 142, 143, 145, 161, 164, 174, 178, 180, 198, 217, 218, 221, 225, 234]",407,mountain_eagle_sunset_mountain view_view,404,gifted_magnet_principal_stem_program,0.9052838798111694
410,bullying_pta_principal_child_school,"[0, 5, 11, 17, 18, 20, 26, 32, 38, 46, 50, 64, 73, 103, 105, 112, 117, 118, 136, 150, 200, 227]",399,bullying_pta_principal_child_school,371,parking_office_principle_rude_bus,0.9047516345648638
409,canyon_imagine_gilbert_west gilbert_imagine west,"[165, 212]",212,imagine_gilbert_west gilbert_imagine west_imagine prep,165,canyon_copper_bell canyon_copper canyon_canyon pointe,0.9037531480451714
408,trinity_holy_holy family_ics_holy trinity,"[55, 83, 158, 215]",405,trinity_holy_holy family_ics_holy trinity,215,cha_chapin_chaparral_chaminade_chapin school,0.9033291965845325
407,mountain_eagle_sunset_mountain view_view,"[125, 142, 145, 180, 221, 234]",400,ces_ams_bes_beulah_celc,392,mountain_eagle_sunset_mountain view_view,0.90239873513226
406,desert_willow_willows_willowbrook_desert view,"[228, 230]",230,willow_willows_willowbrook_willow hill_willow springs,228,desert_desert view_desert heights_heights_desert sky,0.9015265991659647
405,trinity_holy_holy family_ics_holy trinity,"[55, 83, 158]",319,trinity_holy_holy family_holy trinity_family,158,ics_ic_ica_bayer_attended ics,0.9002006309843694
404,gifted_magnet_principal_stem_program,"[27, 30, 52, 84, 108, 111, 123, 141, 143, 161, 164, 174, 178, 198, 217, 218, 225]",402,gifted_magnet_principal_stem_program,164,davis_richmond_davis elementary_davis great_zelia,0.8991796484824566
403,school_teachers_great_children_love,"[1, 2, 3, 4, 6, 7, 8, 10, 12, 14, 15, 16, 19, 22, 23, 24, 25, 28, 29, 31, 34, 35, 36, 37, 39, 40, 42, 43, 44, 45, 47, 48, 49, 51, 54, 57, 59, 61, 62, 63, 65, 66, 68, 70, 71, 72, 74, 75, 76, 78, 80, 81, 82, 85, 86, 87, 88, 91, 92, 93, 94, 95, 96, 97, 98, 99, 100, 101, 104, 107, 110, 113, 114, 115, 116, 119, 120, 121, 122, 124, 126, 127, 128, 129, 132, 135, 137, 138, 144, 146, 147, 148, 153, 154, 155, 156, 159, 160, 163, 166, 168, 170, 173, 182, 185, 191, 201, 204, 206, 207, 231]",394,school_teachers_great_children_montessori,396,lca_pca_hca_mca_zion,0.8975753048267672
402,gifted_magnet_principal_stem_program,"[27, 30, 52, 84, 108, 111, 123, 141, 143, 161, 174, 178, 198, 217, 218, 225]",395,gifted_magnet_stem_principal_gifted program,398,south_east_kennedy_vegas_county,0.8971618300596933
401,summit_mckinley_everest_lebanon_atlas,"[106, 172]",106,summit_everest_summit school_tindley_summit academy,172,mckinley_lebanon_atlas_new lebanon_mckinley school,0.8958159928486709
400,ces_ams_bes_beulah_celc,"[221, 234]",234,ces_celc_cee_bce_love ces,221,ams_bes_beulah_mes_bevis,0.8955135396529645
399,bullying_pta_principal_child_school,"[0, 5, 11, 17, 18, 20, 26, 32, 38, 46, 73, 103, 105, 112, 117, 136, 150, 200, 227]",103,islamic_islamic school_arabic_muslim_quran,391,bullying_pta_principal_child_teacher,0.8951530488000018
398,south_east_kennedy_vegas_county,"[111, 143, 161, 174, 178, 218]",381,south_east_vegas_las vegas_county,174,kennedy_langley_jfk_poe_john kennedy,0.8944398673916802
397,st_mary_st mary_paul_st paul,"[41, 53, 60, 69, 77, 140, 152, 162, 195]",195,anne_st anne_st_anne school_saint anne,384,st_mary_st mary_paul_st paul,0.893152233026864
396,lca_pca_hca_mca_zion,"[100, 121, 126, 128, 154, 159, 185]",388,lca_pca_hca_zion_lcs,159,mca_mcauliffe_mcas_mcauley_mcaa,0.8926222757980353
395,gifted_magnet_stem_principal_gifted program,"[27, 30, 52, 84, 108, 123, 141, 198, 217, 225]",108,highland_highlands_highland park_highland hall_highlander,387,gifted_magnet_stem_principal_gifted program,0.8924373977449713
394,school_teachers_great_children_montessori,"[1, 2, 3, 4, 6, 7, 8, 10, 12, 14, 15, 16, 19, 22, 23, 24, 25, 28, 29, 31, 34, 35, 36, 37, 39, 40, 42, 43, 44, 45, 47, 48, 49, 51, 54, 57, 59, 61, 62, 63, 65, 66, 68, 70, 71, 72, 74, 75, 76, 78, 80, 81, 82, 85, 86, 87, 88, 91, 92, 93, 94, 95, 96, 97, 98, 99, 101, 104, 107, 110, 113, 114, 115, 116, 119, 120, 122, 124, 127, 129, 132, 135, 137, 138, 144, 146, 147, 148, 153, 155, 156, 160, 163, 166, 168, 170, 173, 182, 191, 201, 204, 206, 207, 231]",378,special_iep_special needs_needs_adhd,389,school_great_teachers_montessori_children,0.8924174418882447
393,10_10 10_rate_school 10_rate school,"[13, 21, 179]",253,experience_great experience_experience school_far_good experience,13,10_10 10_rate_school 10_rate school,0.8918698383869521
392,mountain_eagle_sunset_mountain view_view,"[125, 142, 145, 180]",374,mountain_sunset_mountain view_view_sunrise,145,eagle_eagles_eagle academy_eagle hill_eagle view,0.891797067208391
391,bullying_pta_principal_child_teacher,"[0, 5, 11, 17, 18, 20, 26, 32, 38, 46, 73, 105, 112, 117, 136, 150, 200, 227]",380,bullying_pta_principal_child_teacher,200,improvement_improve_changes_school improved_room improvement,0.8894634559627304
390,grace_lutheran_calvary_lutheran school_christian,"[56, 90, 157]",157,calvary_calvary christian_christian_christian school_mt calvary,302,grace_lutheran_lutheran school_christian_grace christian,0.8880165738278902
389,school_great_teachers_montessori_children,"[1, 2, 3, 4, 6, 7, 8, 10, 14, 15, 16, 19, 22, 23, 25, 28, 29, 31, 34, 35, 36, 37, 39, 40, 42, 43, 44, 45, 48, 49, 51, 54, 57, 59, 61, 62, 63, 65, 66, 68, 70, 72, 74, 75, 76, 78, 80, 81, 82, 85, 86, 87, 88, 91, 92, 93, 95, 96, 97, 98, 99, 101, 104, 107, 110, 113, 114, 116, 119, 120, 122, 124, 127, 129, 132, 135, 137, 138, 144, 146, 148, 153, 156, 160, 163, 166, 168, 170, 173, 182, 201, 204, 206, 207, 231]",386,school_montessori_great_teachers_children,383,spanish_ib_language_immersion_program,0.8876300078889798
388,lca_pca_hca_zion_lcs,"[100, 121, 126, 128, 154, 185]",128,zion_avalon_vanguard_wesleyan_zion lutheran,376,lca_pca_hca_lcs_fcs,0.8873502697568167
387,gifted_magnet_stem_principal_gifted program,"[27, 30, 52, 84, 123, 141, 198, 217, 225]",385,gifted_magnet_stem_principal_gifted program,141,washington_washington school_washington elementary_seattle_school washington,0.8866489052768997
386,school_montessori_great_teachers_children,"[1, 2, 3, 4, 6, 7, 10, 14, 15, 16, 19, 22, 23, 28, 29, 31, 34, 35, 36, 37, 39, 40, 42, 43, 44, 45, 48, 51, 54, 57, 59, 61, 62, 63, 66, 70, 72, 74, 75, 76, 78, 80, 81, 82, 85, 86, 87, 88, 91, 92, 93, 95, 96, 97, 98, 99, 101, 104, 107, 110, 113, 114, 116, 119, 120, 122, 124, 127, 129, 132, 135, 137, 138, 146, 148, 153, 156, 160, 163, 166, 170, 173, 182, 201, 204, 206, 207, 231]",160,brookfield_brook_brook hill_brookwood_hill,379,school_montessori_great_teachers_children,0.8847393721560223
385,gifted_magnet_stem_principal_gifted program,"[27, 30, 52, 84, 123, 198, 217, 225]",375,principal_new principal_great_staff_teachers,350,gifted_magnet_stem_gifted program_program,0.8844730132026365
384,st_mary_st mary_paul_st paul,"[41, 53, 60, 69, 77, 140, 152, 162]",382,st_mary_st mary_paul_st paul,162,st thomas_thomas_st_thomas school_thomas aquinas,0.8799613593513474
383,spanish_ib_language_immersion_program,"[8, 25, 49, 65, 68, 144, 168]",368,spanish_ib_language_immersion_program,144,challenger_quest_stratford_quest academy_challenger school,0.8786180092867808
382,st_mary_st mary_paul_st paul,"[41, 53, 60, 69, 77, 140, 152]",363,st_mary_st mary_paul_st paul,152,patrick_st patrick_patrick school_st_saint patrick,0.8779801774814638
381,south_east_vegas_las vegas_county,"[111, 143, 161, 178, 218]",178,vegas_las vegas_las_nevada_albuquerque,364,south_east_county_eastern_nj,0.8776534579407984
380,bullying_pta_principal_child_teacher,"[0, 5, 11, 17, 18, 20, 26, 32, 38, 46, 73, 105, 112, 117, 136, 150, 227]",354,bullying_pta_principal_child_teacher,369,bathrooms_bathroom_food_ipads_lunch,0.8759176258028923
379,school_montessori_great_teachers_children,"[1, 2, 3, 4, 6, 7, 10, 14, 15, 16, 19, 22, 23, 28, 29, 31, 34, 35, 36, 37, 39, 40, 42, 43, 44, 45, 48, 51, 54, 57, 59, 61, 62, 63, 66, 70, 72, 74, 75, 76, 78, 80, 81, 82, 85, 86, 87, 88, 91, 92, 93, 95, 96, 97, 98, 99, 101, 104, 107, 110, 113, 114, 116, 119, 120, 122, 124, 127, 129, 132, 135, 137, 138, 146, 148, 153, 156, 163, 166, 170, 173, 182, 201, 204, 206, 207, 231]",377,school_montessori_great_teachers_christian,373,vista_valley_ps_mrs_pinecrest,0.8756072849464751
378,special_iep_special needs_needs_adhd,"[12, 24, 47, 71, 94, 115, 147, 155, 191]",191,ese_esl_ese program_escs_essrig,367,special_iep_special needs_needs_adhd,0.8740300490869579
377,school_montessori_great_teachers_christian,"[1, 2, 3, 4, 6, 7, 10, 14, 15, 16, 19, 22, 23, 28, 29, 31, 34, 35, 36, 37, 39, 40, 42, 44, 45, 48, 51, 54, 57, 62, 63, 66, 70, 72, 74, 76, 78, 80, 81, 82, 85, 86, 87, 88, 91, 92, 93, 95, 96, 97, 98, 99, 101, 104, 107, 110, 114, 116, 119, 120, 122, 124, 127, 129, 137, 146, 148, 153, 156, 163, 166, 173, 182, 201, 206, 207, 231]",207,mpa_mps_mpe_bpa_mp,372,montessori_school_great_teachers_christian,0.8724330028680821
376,lca_pca_hca_lcs_fcs,"[100, 121, 126, 154, 185]",359,lca_pca_hca_lcs_fcs,185,rcs_rcds_rcsa_rccs_rchs,0.8715718874983659
375,principal_new principal_great_staff_teachers,"[27, 123, 198, 217, 225]",283,principal_new principal_great_staff_principal teachers,217,crestview_crestwood_crest_creston_crestmont,0.8714364011947878
374,mountain_sunset_mountain view_view_sunrise,"[125, 142, 180]",125,mountain_mountain view_view_view elementary_mountainville,344,sunset_sunrise_glen_glenwood_sunnyside,0.8701423790945192
373,vista_valley_ps_mrs_pinecrest,"[43, 59, 61, 75, 113, 132, 135, 138, 170, 204]",370,vista_valley_ps_mrs_pinecrest,138,nova_freedom_eisenhower_freedom academy_academy,0.8671724679927009
372,montessori_school_great_teachers_christian,"[1, 2, 3, 4, 6, 7, 10, 14, 15, 16, 19, 22, 23, 28, 29, 31, 34, 35, 36, 37, 39, 40, 42, 44, 45, 48, 51, 54, 57, 62, 63, 66, 70, 72, 74, 76, 78, 80, 81, 82, 85, 86, 87, 88, 91, 92, 93, 95, 96, 97, 98, 99, 101, 104, 107, 110, 114, 116, 119, 120, 122, 124, 127, 129, 137, 146, 148, 153, 156, 163, 166, 173, 182, 201, 206, 231]",365,montessori_school_christian_great_teachers,366,creek_military_scores_test_test scores,0.8652049923328987
371,parking_office_principle_rude_bus,"[50, 64, 118]",312,parking_office_rude_bus_traffic,118,principle_new principle_new_principle great_vice principle,0.8634663258404066
370,vista_valley_ps_mrs_pinecrest,"[43, 59, 61, 75, 113, 132, 135, 170, 204]",357,vista_valley_pine_valley view_view,362,ps_mrs_pinecrest_hillcrest_ms,0.8623420814968167
369,bathrooms_bathroom_food_ipads_lunch,"[73, 117, 150]",295,bathrooms_bathroom_food_lunch_dirty,150,ipads_ipad_technology_use_laptops,0.8604858767417731
368,spanish_ib_language_immersion_program,"[8, 25, 49, 65, 68, 168]",49,waldorf_waldorf school_waldorf education_education_waldorf schools,327,spanish_ib_language_immersion_program,0.8600317949689114
367,special_iep_special needs_needs_adhd,"[12, 24, 47, 71, 94, 115, 147, 155]",297,dyslexia_reading_read_dyslexic_grade,355,special_iep_special needs_needs_adhd,0.8592831301780723
366,creek_military_scores_test_test scores,"[28, 35, 40, 42, 78, 81, 88, 96, 101, 116, 146, 163]",352,creek_military_scores_test_test scores,96,jefferson_jefferson elementary_thomas jefferson_jefferson school_thomas,0.8573619738025204
365,montessori_school_christian_great_teachers,"[1, 2, 3, 4, 6, 7, 10, 14, 15, 16, 19, 22, 23, 29, 31, 34, 36, 37, 39, 44, 45, 48, 51, 54, 57, 62, 63, 66, 70, 72, 74, 76, 80, 82, 85, 86, 87, 91, 92, 93, 95, 97, 98, 99, 104, 107, 110, 114, 119, 120, 122, 124, 127, 129, 137, 148, 153, 156, 166, 173, 182, 201, 206, 231]",361,montessori_school_christian_great_teachers,349,fairview_fairmont_ross_dc_dca,0.8557119041324202
364,south_east_county_eastern_nj,"[111, 143, 161, 218]",360,south_jersey_nj_southside_new jersey,358,east_county_eastern_eastside_best,0.855380302868211
363,st_mary_st mary_paul_st paul,"[41, 53, 60, 69, 77, 140]",140,peter_st peter_st_peter school_catholic,337,st_mary_st mary_paul_st paul,0.8546557874086894
362,ps_mrs_pinecrest_hillcrest_ms,"[43, 75, 113, 135, 170]",339,ps_mrs_ms_thank_37,113,pinecrest_hillcrest_woodcrest_ridgecrest_skycrest,0.852905287059304
361,montessori_school_christian_great_teachers,"[1, 2, 3, 4, 6, 7, 10, 14, 15, 16, 19, 22, 23, 29, 31, 34, 36, 37, 39, 44, 45, 48, 51, 54, 57, 62, 63, 66, 70, 72, 74, 76, 80, 82, 85, 86, 87, 91, 92, 93, 95, 97, 98, 99, 104, 107, 110, 114, 119, 120, 122, 124, 127, 137, 148, 153, 156, 166, 173, 201, 206, 231]",201,cls_cla_clariden_clc_clovis,353,montessori_school_christian_great_teachers,0.8519343715480062
360,south_jersey_nj_southside_new jersey,"[111, 218]",218,jersey_nj_new jersey_brunswick_jersey city,111,south_southside_southwood_southgate_south school,0.851274373132333
359,lca_pca_hca_lcs_fcs,"[100, 121, 126, 154]",154,fcs_fca_fbcs_fchs_fca years,351,lca_pca_hca_lcs_hcs,0.8499261125188381
358,east_county_eastern_eastside_best,"[143, 161]",161,county_best_best elementary_elementary_school county,143,east_eastern_eastside_east great_east high,0.8496299235263465
357,vista_valley_pine_valley view_view,"[59, 61, 132, 204]",59,vista_alta_verde_monte_alta vista,345,valley_pine_valley view_view_pinewood,0.8467101072196124
356,worst_worst school_horrible_terrible_bad,"[9, 58, 67, 109]",241,send_send child_horrible_child_sending,243,worst_worst school_horrible_terrible_bad,0.8448117727433371
355,special_iep_special needs_needs_adhd,"[12, 24, 47, 71, 94, 147]",343,special_iep_special needs_needs_adhd,147,beacon_bridges_bridge_bridgeway_bridges academy,0.8440934214831064
354,bullying_pta_principal_child_teacher,"[0, 5, 11, 17, 18, 20, 26, 32, 38, 46, 105, 112, 136, 227]",227,counselors_counselor_counseling_guidance_students,338,bullying_pta_principal_child_teacher,0.8439361572192134
353,montessori_school_christian_great_teachers,"[1, 2, 3, 4, 6, 7, 10, 14, 15, 16, 19, 22, 23, 29, 31, 34, 36, 37, 39, 44, 45, 48, 51, 54, 57, 62, 63, 66, 70, 72, 74, 76, 80, 82, 85, 86, 87, 91, 92, 93, 95, 97, 98, 99, 104, 107, 110, 114, 119, 120, 122, 124, 127, 137, 148, 153, 156, 166, 173, 206, 231]",346,montessori_school_christian_great_teachers,347,ap_prep_college_classes_ap classes,0.8436367015215517
352,creek_military_scores_test_test scores,"[28, 35, 40, 42, 78, 81, 88, 101, 116, 146, 163]",35,creek_creek elementary_creekside_creek great_spring creek,342,military_scores_test_test scores_rating,0.8423348022669293
351,lca_pca_hca_lcs_hcs,"[100, 121, 126]",348,lca_hca_lcs_hcs_christian,121,pca_pcs_pc_pomona catholic_pcd,0.840815193489293
350,gifted_magnet_stem_gifted program_program,"[30, 52, 84]",305,gifted_magnet_gifted program_program_magnet program,84,stem_stem program_stem school_stem academy_program,0.8388672588165514
349,fairview_fairmont_ross_dc_dca,"[129, 182]",182,dc_dca_dcs_dc prep_dcis,129,fairview_ross_fairmont_rossman_fairmount,0.8371218270541877
348,lca_hca_lcs_hcs_christian,"[100, 126]",100,lca_lcs_lccs_christian_lc,126,hca_hcs_hccs_hc_hce,0.8370691321683674
347,ap_prep_college_classes_ap classes,"[39, 66, 120, 137, 231]",335,ap_prep_college_classes_ap classes,231,homeschooling_homeschool_homeschooled_home_homeschool program,0.8350766473242125
346,montessori_school_christian_great_teachers,"[1, 2, 3, 4, 6, 7, 10, 14, 15, 16, 19, 22, 23, 29, 31, 34, 36, 37, 44, 45, 48, 51, 54, 57, 62, 63, 70, 72, 74, 76, 80, 82, 85, 86, 87, 91, 92, 93, 95, 97, 98, 99, 104, 107, 110, 114, 119, 122, 124, 127, 148, 153, 156, 166, 173, 206]",119,aca_acs_acca_almaden_acds,340,montessori_school_christian_great_teachers,0.8348292950816556
345,valley_pine_valley view_view_pinewood,"[61, 132, 204]",61,valley_valley view_view_valley school_valley academy,330,pine_pinewood_pv_pine view_pves,0.8345816328311099
344,sunset_sunrise_glen_glenwood_sunnyside,"[142, 180]",180,glenwood_glen_glenview_glenallan_glenoaks,142,sunset_sunrise_sunnyside_sunset view_sunol,0.8342102758496904
343,special_iep_special needs_needs_adhd,"[12, 24, 47, 71, 94]",94,cms_camden_cma_cmp_camden military,294,special_iep_special needs_needs_adhd,0.8339955699763967
342,military_scores_test_test scores_rating,"[28, 40, 42, 78, 81, 88, 101, 116, 146, 163]",334,park_green_woodland_forest_meadows,341,military_scores_test_test scores_rating,0.8338806183306927
341,military_scores_test_test scores_rating,"[28, 40, 42, 101, 146, 163]",324,military_scores_test_test scores_rating,101,ridge_ridgeview_ridgeway_ridgeline_fossil,0.831954809722743
340,montessori_school_christian_great_teachers,"[1, 2, 3, 4, 6, 7, 10, 14, 15, 16, 19, 22, 23, 29, 31, 34, 36, 37, 44, 45, 48, 51, 54, 57, 62, 63, 70, 72, 74, 76, 80, 82, 85, 86, 87, 91, 92, 93, 95, 97, 98, 99, 104, 107, 110, 114, 122, 124, 127, 148, 153, 156, 166, 173, 206]",336,montessori_christian_school_great_teachers,333,pre_jewish_hebrew_pre program_program,0.8314142116897023
339,ps_mrs_ms_thank_37,"[43, 75, 135, 170]",269,mrs_thank_ms_teacher_want thank,288,ps_37_ps 37_love ps_children,0.8282951363435266
338,bullying_pta_principal_child_teacher,"[0, 5, 11, 17, 18, 20, 26, 32, 38, 46, 105, 112, 136]",332,dress_dress code_code_wear_uniforms,311,bullying_pta_principal_child_bullied,0.8273700217825715
337,st_mary_st mary_paul_st paul,"[41, 53, 60, 69, 77]",329,st_mary_st mary_joseph_st john,60,paul_st paul_st_paul school_saint paul,0.8262580427320693
336,montessori_christian_school_great_teachers,"[1, 2, 3, 4, 6, 7, 10, 14, 15, 16, 19, 22, 23, 29, 31, 34, 36, 37, 45, 48, 51, 54, 57, 62, 63, 70, 72, 74, 76, 80, 85, 86, 87, 91, 92, 93, 95, 97, 98, 99, 104, 107, 110, 114, 122, 124, 127, 148, 153, 156, 173]",114,bca_bcs_bcd_bc_christian,331,montessori_christian_school_great_teachers,0.822685993681894
335,ap_prep_college_classes_ap classes,"[39, 66, 120, 137]",137,tcs_tca_tce_tcps_tchs,284,ap_prep_college_classes_ap classes,0.8209374449838968
334,park_green_woodland_forest_meadows,"[78, 81, 88, 116]",315,park_woodland_forest_parkview_parkside,321,green_meadows_meadow_greene_meadowbrook,0.8198391329844964
333,pre_jewish_hebrew_pre program_program,"[44, 82, 166, 206]",328,pre_pre program_prek_msa_program,82,jewish_hebrew_secular_jewish day_schechter,0.8190000300371016
332,dress_dress code_code_wear_uniforms,"[26, 105, 136]",105,drugs_drug_drug problem_drug use_problem,316,dress_dress code_code_wear_uniforms,0.8157025348140585
331,montessori_christian_school_great_teachers,"[1, 2, 3, 4, 6, 7, 10, 14, 15, 16, 19, 22, 23, 29, 31, 34, 36, 37, 45, 48, 51, 54, 57, 62, 63, 70, 72, 74, 76, 80, 85, 86, 87, 91, 92, 93, 95, 97, 98, 99, 104, 107, 110, 122, 124, 127, 148, 153, 156, 173]",325,montessori_charter_charter school_montessori school_children,326,christian_great_school_love_teachers,0.8134386177045706
330,pine_pinewood_pv_pine view_pves,"[132, 204]",204,pv_pves_pve_pvs_pvhs,132,pine_pinewood_pine view_pine school_longwood,0.8118163191399683
329,st_mary_st mary_joseph_st john,"[41, 53, 69, 77]",320,st_mary_st mary_joseph_st joseph,77,st john_john_st_johns_st johns,0.8116297239882769
328,pre_pre program_prek_msa_program,"[44, 166, 206]",206,vms_fvms_vv_nva_vbfs,318,pre_pre program_prek_msa_program,0.810206451726497
327,spanish_ib_language_immersion_program,"[8, 25, 65, 68, 168]",323,ib_ib program_program_german_international,301,spanish_immersion_language_english_french,0.8089121728128148
326,christian_great_school_love_teachers,"[1, 2, 4, 6, 7, 10, 15, 16, 19, 22, 29, 31, 36, 45, 54, 57, 72, 74, 91, 92, 95, 97, 98, 107, 110, 122, 124, 148, 173]",322,christian_great_school_love_teachers,173,mvca_rmca_mvcs_scca_mvhs,0.8050152445142136
325,montessori_charter_charter school_montessori school_children,"[3, 14, 23, 34, 37, 48, 51, 62, 63, 70, 76, 80, 85, 86, 87, 93, 99, 104, 127, 153, 156]",153,graland_bethesda_tigers_bethune_tiger,317,montessori_charter_charter school_montessori school_children,0.8026692829658856
324,military_scores_test_test scores_rating,"[28, 40, 42, 146, 163]",146,ncs_nca_nccs_nc_nccl,314,military_scores_test_test scores_rating,0.8022218751441303
323,ib_ib program_program_german_international,"[25, 168]",25,ib_ib program_program_international_baccalaureate,168,german_goethe_germany_german school_germantown,0.797998051921625
322,christian_great_school_love_teachers,"[1, 2, 4, 6, 7, 10, 15, 16, 19, 22, 29, 31, 36, 45, 54, 57, 72, 74, 91, 92, 95, 97, 98, 107, 110, 122, 124, 148]",308,small_sizes_class sizes_small class_ecs,313,christian_great_school_love_teachers,0.7978984357598538
321,green_meadows_meadow_greene_meadowbrook,"[88, 116]",88,green_greene_greenbrier_green acres_acres,116,meadows_meadow_meadowbrook_high meadows_meadowlark,0.7974979156130102
320,st_mary_st mary_joseph_st joseph,"[41, 53, 69]",41,mary_st mary_st_mary school_saint mary,278,st_joseph_st joseph_st mark_mark,0.796900185007597
319,trinity_holy_holy family_holy trinity_family,"[55, 83]",55,trinity_holy trinity_holy_trinity school_trinity christian,83,holy_holy family_holy spirit_angels_family,0.7942966472504007
318,pre_pre program_prek_msa_program,"[44, 166]",44,pre_pre program_prek_program_started pre,166,msa_ms_mspcs_mse_msr,0.793903111541952
317,montessori_charter_charter school_montessori school_children,"[3, 14, 23, 34, 37, 48, 51, 62, 63, 70, 76, 80, 85, 86, 87, 93, 99, 104, 127, 156]",307,oak_oaks_hill_hillside_oakwood,309,montessori_charter_charter school_montessori school_children,0.7925633733644984
316,dress_dress code_code_wear_uniforms,"[26, 136]",26,dress_dress code_code_wear_uniforms,136,homework_hours_night_home_work,0.7888796440042971
315,park_woodland_forest_parkview_parkside,"[78, 81]",81,woodland_forest_woods_woodlands_forest hills,78,park_parkview_parkside_park day_park school,0.7878934293864936
314,military_scores_test_test scores_rating,"[28, 40, 42, 163]",261,scores_test_test scores_rating_score,281,military_military family_hawaii_military families_school military,0.7873293432693027
313,christian_great_school_love_teachers,"[1, 2, 4, 6, 7, 10, 15, 16, 19, 29, 31, 36, 45, 54, 57, 72, 74, 91, 92, 95, 97, 107, 122, 124, 148]",303,christian_great_school_love_teachers,91,wca_wcs_wellington_wccs_wcds,0.7846565972733608
312,parking_office_rude_bus_traffic,"[50, 64]",50,parking_bus_traffic_drop_pick,64,office_rude_office staff_desk_staff rude,0.7805695708072313
311,bullying_pta_principal_child_bullied,"[0, 5, 11, 17, 18, 20, 32, 38, 46, 112]",298,bullying_pta_principal_child_bullied,18,stars_star_school stars_school star_rate,0.7783372934478494
310,poor_leadership_school poor_administration_poor poor,"[192, 211]",211,leadership_poor_administration_horrible_terrible,192,poor_school poor_poor poor_extremely poor_poor school,0.7763218260062605
309,montessori_charter_charter school_montessori school_children,"[3, 14, 23, 37, 48, 51, 63, 70, 76, 80, 85, 86, 87, 93, 99, 127, 156]",306,montessori_charter_charter school_montessori school_children,93,north_northside_northridge_northfield_northview,0.774784868140871
308,small_sizes_class sizes_small class_ecs,"[22, 98, 110]",110,ecs_eca_ecds_ec_ecc,279,small_sizes_class sizes_small class_class,0.7735849816555219
307,oak_oaks_hill_hillside_oakwood,"[34, 62, 104]",104,river_riverview_rivers_riverbend_riverhill,291,oak_oaks_hill_hillside_oakwood,0.7724446266127669
306,montessori_charter_charter school_montessori school_children,"[3, 14, 23, 37, 48, 51, 63, 70, 76, 80, 85, 86, 87, 99, 127, 156]",299,montessori_charter_charter school_montessori school_children,300,lake_lakeview_lakewood_lakes_lakeshore,0.769482777090585
305,gifted_magnet_gifted program_program_magnet program,"[30, 52]",52,magnet_magnet program_magnet school_program_school magnet,30,gifted_gifted program_program_gifted students_gifted children,0.7691116353751279
304,care_children_help_great_kids,"[89, 183]",183,helped_care_children_help_kids,89,care_great_best_children_hait,0.7680302953857938
303,christian_great_school_love_teachers,"[1, 2, 4, 6, 7, 10, 15, 16, 19, 29, 31, 36, 45, 54, 57, 72, 74, 92, 95, 97, 107, 122, 124, 148]",292,christian_great_school_teachers_love,29,cca_ccs_cccs_christian_cchs,0.7657206115418234
302,grace_lutheran_lutheran school_christian_grace christian,"[56, 90]",56,lutheran_lutheran school_christ lutheran_christ_grace lutheran,90,grace_grace christian_christian_grace school_christian school,0.7656058854304224
301,spanish_immersion_language_english_french,"[8, 65, 68]",65,french_french immersion_immersion_language_lycee,250,spanish_immersion_language_english_dual,0.7601351093863633
300,lake_lakeview_lakewood_lakes_lakeshore,"[51, 156]",156,avondale_riverdale_hillsdale_springdale_hilldale,51,lake_lakeview_lakewood_lakes_lakeshore,0.7537406364904259
299,montessori_charter_charter school_montessori school_children,"[3, 14, 23, 37, 48, 63, 70, 76, 80, 85, 86, 87, 99, 127]",76,austin_texas_houston_san antonio_antonio,296,montessori_charter_montessori school_charter school_children,0.7518983110960292
298,bullying_pta_principal_child_bullied,"[0, 5, 11, 17, 20, 32, 38, 46, 112]",237,sports_football_coaches_coach_team,276,bullying_pta_principal_bullied_child,0.7502103032890775
297,dyslexia_reading_read_dyslexic_grade,"[115, 155]",115,reading_read_grade_level_grade level,155,dyslexia_dyslexic_reading_diagnosed_diagnosed dyslexia,0.7491769559906958
296,montessori_charter_montessori school_charter school_children,"[3, 14, 23, 37, 48, 63, 70, 80, 85, 86, 87, 99, 127]",293,montessori_charter_montessori school_charter school_children,289,west_westside_lewis_western_clark,0.748463256371557
295,bathrooms_bathroom_food_lunch_dirty,"[73, 117]",117,food_lunch_lunches_way way_good,73,bathrooms_bathroom_dirty_food_restroom,0.7479101665898324
294,special_iep_special needs_needs_adhd,"[12, 24, 47, 71]",47,adhd_son adhd_son_diagnosed_child adhd,286,special_iep_special needs_needs_special education,0.7445005109023484
293,montessori_charter_montessori school_charter school_children,"[3, 14, 23, 48, 63, 70, 80, 85, 86, 87, 127]",86,florida_tampa_fl_jacksonville_state florida,290,montessori_charter_montessori school_charter school_children,0.7426322949739197
292,christian_great_school_teachers_love,"[1, 2, 4, 6, 7, 10, 15, 16, 19, 31, 36, 45, 54, 57, 72, 74, 92, 95, 97, 107, 122, 124, 148]",148,sma_smca_smcs_smt_smhs,287,christian_great_school_teachers_love,0.7394629649394396
291,oak_oaks_hill_hillside_oakwood,"[34, 62]",62,hillside_hill_hills_hilltop_hillel,34,oak_oaks_oakwood_oak grove_oak hill,0.7379286447818951
290,montessori_charter_montessori school_charter school_children,"[3, 14, 23, 48, 63, 70, 80, 85, 87, 127]",280,montessori_charter_montessori school_charter school_children,127,georgia_atlanta_ga_gac_savannah,0.7346870861936519
289,west_westside_lewis_western_clark,"[37, 99]",37,west_westside_western_westview_west wing,99,lewis_clark_lewis school_clarksville_elementary,0.7344386669483296
288,ps_37_ps 37_love ps_children,"[43, 170]",170,37_love 37_37 great_love_great,43,ps_ps 37_37_love ps_school ps,0.7316971646668657
287,christian_great_school_teachers_love,"[1, 2, 4, 6, 7, 10, 15, 16, 19, 31, 36, 45, 54, 57, 72, 74, 92, 95, 97, 107, 122, 124]",285,christian_great_school_teachers_love,97,bhs_bms_bls_bma_bhhs,0.7254464874993296
286,special_iep_special needs_needs_special education,"[12, 24, 71]",247,special_iep_special needs_needs_special education,71,autism_autistic_son_spectrum_autism spectrum,0.7160729831212729
285,christian_great_school_teachers_love,"[1, 2, 4, 6, 7, 10, 15, 16, 19, 31, 36, 45, 54, 57, 72, 74, 92, 95, 107, 122, 124]",268,christian_catholic_christian school_god_faith,282,great_middle_middle school_teachers_love,0.7152771085483312
284,ap_prep_college_classes_ap classes,"[39, 66, 120]",248,ap_ap classes_classes_college_courses,66,prep_preparatory_college_college prep_prep school,0.715087713454325
283,principal_new principal_great_staff_principal teachers,"[27, 123, 198, 225]",198,new principal_new_principal_school new_mr,245,principal_great_staff_principal teachers_school principal,0.7124552144723947
282,great_middle_middle school_teachers_love,"[2, 4, 6, 7, 15, 16, 19, 31, 36, 54, 57, 72, 74, 95, 107, 122, 124]",95,ocs_oca_oes_osl_osls,277,great_middle_middle school_teachers_love,0.7088373546811169
281,military_military family_hawaii_military families_school military,"[42, 163]",42,military_military family_military families_school military_family,163,hawaii_hawaiian_hanalani_mainland_aikahi,0.7079308466506988
280,montessori_charter_montessori school_charter school_children,"[3, 14, 23, 48, 63, 70, 80, 85, 87]",267,charter_charter school_charter schools_schools_school,274,montessori_montessori school_learning_children_covid,0.705782556286669
279,small_sizes_class sizes_small class_class,"[22, 98]",98,private_private school_public_public school_private schools,22,small_sizes_class sizes_small class_class,0.7047773308517477
278,st_joseph_st joseph_st mark_mark,"[53, 69]",53,st_st mark_mark_james_st james,69,joseph_st joseph_st_st joe_joe,0.7042910430890993
277,great_middle_middle school_teachers_love,"[2, 4, 6, 7, 15, 16, 19, 31, 36, 54, 57, 72, 74, 107, 122, 124]",275,great_middle_middle school_teachers_love,124,lms_lfcs_lmes_lmp_lmma,0.6977727714348962
276,bullying_pta_principal_bullied_child,"[0, 5, 11, 17, 20, 46, 112]",270,bullying_pta_principal_bullied_child,112,fundraisers_fundraising_money_donate_donations,0.6973037709038796
275,great_middle_middle school_teachers_love,"[2, 4, 6, 7, 15, 16, 19, 31, 36, 54, 57, 72, 74, 107, 122]",272,scs_sca_scds_love_children,273,great_middle_middle school_teachers_love,0.6929276798442677
274,montessori_montessori school_learning_children_covid,"[3, 23, 48, 63, 70, 80, 87]",271,montessori_montessori school_learning_children_covid,80,academy_dms_academy great_learning_love,0.6897230826581212
273,great_middle_middle school_teachers_love,"[2, 4, 6, 7, 15, 16, 19, 31, 36, 54, 57, 72, 107]",265,middle_middle school_music_band_school,264,great_great school_love_teachers_staff,0.6834739205163787
272,scs_sca_scds_love_children,"[74, 122]",74,scs_sca_scds_scvi_sccs,122,hfs_hhs_hta_hla_hynes,0.6744450549790014
271,montessori_montessori school_learning_children_covid,"[3, 23, 48, 63, 70, 87]",23,covid_pandemic_virtual_online_covid 19,266,montessori_montessori school_children_learning_child,0.6705139253590742
270,bullying_pta_principal_bullied_child,"[0, 5, 11, 17, 20, 46]",46,administration_turnover_leadership_teachers_left,262,bullying_pta_principal_bullied_child,0.6678327920285579
269,mrs_thank_ms_teacher_want thank,"[75, 135]",135,thank_want thank_thankful_like thank_say thank,75,mrs_ms_teacher_teacher mrs_best,0.6613754807284744
268,christian_catholic_christian school_god_faith,"[1, 10, 45, 92]",92,sjs_sja_sjb_sjcs_sje,249,christian_catholic_christian school_god_faith,0.6602363154897997
267,charter_charter school_charter schools_schools_school,"[14, 85]",85,phoenix_arizona_tucson_scottsdale_az,14,charter_charter school_charter schools_schools_school,0.6577556919480247
266,montessori_montessori school_children_learning_child,"[3, 48, 63, 70, 87]",260,whittier_gcs_ghs_tma_students,3,montessori_montessori school_children_learning_method,0.6525581600316783
265,middle_middle school_music_band_school,"[7, 16, 31, 54, 57, 72]",263,san_la_ca_california_diego,259,middle_middle school_band_music_school,0.6523848881227535
264,great_great school_love_teachers_staff,"[2, 4, 6, 15, 19, 36, 107]",251,great_great school_love_teachers_staff,107,mcs_mchs_mcds_mcmeen_mch,0.6494824739114635
263,san_la_ca_california_diego,"[57, 72]",72,la_el_los_angeles_los angeles,57,san_ca_california_diego_san diego,0.6407215474359425
262,bullying_pta_principal_bullied_child,"[0, 5, 11, 17, 20]",257,bullying_pta_principal_bullied_child,20,reviews_review_negative_negative reviews_bad,0.6379506546647087
261,scores_test_test scores_rating_score,"[28, 40]",28,scores_test_test scores_score_state,40,rating_ratings_10_rated_low,0.6344159313774569
260,whittier_gcs_ghs_tma_students,"[48, 63, 70, 87]",70,tma_tk_tmsa_tms_tls,254,whittier_gcs_ghs_gms_students,0.6298353217861641
259,middle_middle school_band_music_school,"[7, 16, 31, 54]",258,music_band_arts_program_music program,7,middle_middle school_school_best middle_teachers,0.6177446625995342
258,music_band_arts_program_music program,"[16, 31, 54]",16,band_music_arts_music program_program,255,bay_ocean_nyc_bronx_york,0.6156278706283003
257,bullying_pta_principal_bullied_child,"[0, 5, 11, 17]",246,bullying_pta_principal_bullied_teacher,11,white_black_racism_diversity_racist,0.6144830871034569
256,francis_st francis_xavier_st_francis xavier,"[149, 214]",214,xavier_francis xavier_francis_st francis_sfx,149,francis_st francis_st_francis assisi_assisi,0.6119943367410413
255,bay_ocean_nyc_bronx_york,"[31, 54]",31,bay_ocean_palm_bayshore_shore,54,nyc_bronx_york_brooklyn_hudson,0.6094488360594913
254,whittier_gcs_ghs_gms_students,"[48, 63, 87]",252,whittier_gcs_ghs_gms_gva,87,jcs_jca_jhs_jds_jms,0.6051682275983932
253,experience_great experience_experience school_far_good experience,"[21, 179]",179,experience school_experience_great experience_school experience_excellent experience,21,experience_great experience_far_good_good experience,0.603411374660348
252,whittier_gcs_ghs_gms_gva,"[48, 63]",63,whittier_wms_wns_whs_wps,48,gcs_ghs_gms_gva_gsa,0.5867241871512914
251,great_great school_love_teachers_staff,"[2, 4, 6, 15, 19, 36]",242,love_love school_kindergarten_daughter_grade,239,great_great school_staff_excellent_teachers,0.5811312507728912
250,spanish_immersion_language_english_dual,"[8, 68]",8,spanish_language_immersion_english_dual,68,mandarin_chinese_immersion_mandarin immersion_immersion program,0.5761826965703247
249,christian_catholic_christian school_god_faith,"[1, 10, 45]",244,christian_catholic_christian school_god_faith,45,olph_olv_ola_olg_olmc,0.5709831425654798
248,ap_ap classes_classes_college_courses,"[39, 120]",39,ap_ap classes_classes_courses_college,120,high school_college_high_classes_friends,0.5525351666994811
247,special_iep_special needs_needs_special education,"[12, 24]",24,iep_child iep_special_needs_ieps,12,special_special needs_needs_special education_special ed,0.5481424054347365
246,bullying_pta_principal_bullied_teacher,"[0, 5, 17]",5,pta_pto_involved_active_parents,240,bullying_bullied_teacher_child_principal,0.5349484203260049
245,principal_great_staff_principal teachers_school principal,"[27, 123, 225]",236,principal_staff_principal teachers_great_teachers,225,great school_principal_school principal_great_principal great,0.5167872923575658
244,christian_catholic_christian school_god_faith,"[1, 10]",1,christian_christian school_god_christ_faith,10,catholic_catholic school_catholic schools_catholic education_faith,0.5082633190300936
243,worst_worst school_horrible_terrible_bad,"[9, 67]",9,worst_worst school_horrible_terrible_horrible school,67,horrible_terrible_worst_bad_awful,0.47621938298787825
242,love_love school_kindergarten_daughter_grade,"[4, 15, 19, 36]",235,kindergarten_daughter_grade_son_year,238,love school_love_best school_best_great,0.4682948701336471
241,send_send child_horrible_child_sending,"[58, 109]",109,send_send child_child school_child_sending,58,send_horrible_terrible_send child_send kids,0.46623647024970394
240,bullying_bullied_teacher_child_principal,"[0, 17]",17,principal_new principal_leadership_rude_does,0,bullying_bullied_child_teacher_told,0.4213582016087898
239,great_great school_staff_excellent_teachers,"[2, 6]",6,great school_great_school great_excellent school_excellent,2,staff_teachers_caring_great_students,0.39309820539884543
238,love school_love_best school_best_great,"[4, 36]",36,went_attended_12_great_k4,4,love school_love_best school_best_great,0.3813597850317495
237,sports_football_coaches_coach_team,"[32, 38]",38,sports_great_basketball_athletic_high school,32,sports_coach_football_coaches_team,0.3673524045108747
236,principal_staff_principal teachers_great_teachers,"[27, 123]",123,principal_love school_love_school principal_amazing,27,principal_staff_principal teachers_great principal_great,0.360307083009509
235,kindergarten_daughter_grade_son_year,"[15, 19]",15,kindergarten_preschool_grade_daughter_year,19,daughter_son_year_learning_grade,0.30471616893954634
